,category_no,job_name,job_no,salary,company,work_city,work_addr,lables,exp,edu,nature,adv,jd
0,40302,售后客服,5704997,3k-5k ,潭州教育VIP招聘,成都,天府三街新希望国际B座420,"['教育', '网络运营']",经验不限 ,学历不限 ,全职,包吃、五险、团队旅游、奖金,"
岗位职责：
1.网络客服，主要解决课程售后问题；
2.负责VIP学员学习权限开通，合同签订；
3.配合部门做好学员信息统计；
4.定期电话回访学员，做好学员问卷调查。
任职要求：
1、熟练使用电脑，打字速度比较快，有客服相关工作经验；
2、热爱教育行业，具有服务意识；
3、工作细致耐心，负责任，良好的沟通能力和执行能力，具有团队合作精神。
"
1,40302,售后客服,5704910,4k-6k ,山东佳音信息科技有限公司招聘,北京,昌平区昌盛路18号高德软件公司,['售后'],经验不限 ,学历不限 ,全职,月休十天，提供住宿,"
        工作内容：地图叫车业务，接听地图用户的电话，解答用户问题，如未乘车扣款，地址更改等业务。
岗位要求：1.18-35岁，
2.普通话标准，沟通表达能力强
3.工作认真负责
薪资待遇：薪资3400+绩效+补贴+奖金，综合薪资4000-6000+，提供住宿
工作时间：轮班制，八小时工作制，月休十天
工作地点：北京昌平区昌盛路18号CEC中国电子基地B1座高德软件有限公司
        "
2,40302,售后客服,5705889,3k-6k ,中国人寿招聘,烟台,南大街108号,"['客服', '售前', '售后', '顾问']",经验不限 ,学历不限 ,全职,双休、全勤奖、补充医疗保险、住房补贴,"
        岗位职责：
所服务客户群体为1996年至今在中国人寿买过保险的老客户，服务为主。
1. 协助客户进行信息变更
2. 提醒客户缴费
3. 协助客户办理理赔
4. 负责老客户答谢会的组织及安排
任职要求：有服务意识，思维敏锐
         具有团队协作意识，乐于奉献
         有强烈发展意愿，正视挫折。
没有经验公司会提供一系列学习培训，让我们有更多学习的平台，而且晋升机制透明，一年四次晋升机会，晋级团队领导人，成长为国寿企业家，自己创业当老板！
        "
0,50305,畅思广告-移动互联广告销售...,2179469,10k-20k ,省广畅思招聘,北京,广顺南大街望京园609号楼悠乐汇A座507-2,"['销售', '客户代表']",经验1-3年 ,学历不限 ,全职,五险一金 补充医疗 绩效奖金 各种补贴,"
岗位职责： 
1.负责公司移动端产品的广告资源销售； 
2.独立开发移动广告客户，包括品牌客户和APP客户端客户以及手机游戏客户； 
3.根据公司的计划，完成公司制定的销售目标； 
4.独立完成广告投放数据的跟踪，统计，项目结算等。 

任职要求： 
1.一年以上移动互联网广告销售经验； 
2.有智能手机广告平台销售经验优先； 
3.有一定的APP客户端客户资源和手机游戏客户资源优先； 
4.工作积极有热情，快速的学习能力和抗压能力。
"
1,50305,广告项目负责人,5560093,15k-30k ,快看漫画招聘,北京,安定路5号院中海国际中心,['广告营销'],经验3-5年 ,本科及以上 ,全职,"七险一金,双休,免费晚餐,零食水果","
岗位职责：
1、对客户即将下单和已下单项目进行有效的统筹管理，监督项目落地
2、保持与大客户销售之间的密切沟通，梳理客户需求，定期与公司产品、技术、运营等业务部门沟通，深度熟悉公司各业务板块
3、对客户下单项目进行渠道管理、时间管理、品质管理、成本管理与沟通管理，实现项目目标
4、根据现有的广告产品和资源，提出更多的广告商业模式和产品的需求
5、收集项目相关信息并整理、分析,制作项目分析报告

岗位要求：
1、统招本科及以上学历，广告学、电子商务、商务管理类专业优先 
2、熟悉互联网广告，3年及以上相关工作经验 
3、具有较强的人际交流能力和良好的团队合作精神，能够协调多部门的资源和支持
4、自我驱动，结果导向，能够高效地工作； 
5、细心，耐心，有亲和力，优秀的客户服务意识
"
0,80202,游戏资深产品经理,5699106,15k-20k ,哔哩哔哩游戏事业部招聘,上海,国正中心,"['游戏', '产品策划']",经验3-5年 ,本科及以上 ,全职,年终奖，带薪年假，餐补等,"
工作职责：
1、参与负责公司自研游戏产品调优工作；
2、参与负责公司自研游戏产品数据分析工作；
3、通过数据和调研以及竞品分析分析用户需求、用户行为、市场环境产出游戏阶段性报告，为游戏产品快递定位问题并参与解决；
4、协调产品研发各个阶段的流程化及其他产品相关问题辅助游戏产品线发展

职位要求：
1、要有责任心，譬如遇到了运营事故要去积极处理解决，直至解决完毕，要做到第一时间安排处理，身处第一线解决问题，第一时间告之处理结果。
2、要有职业技能，譬如产品方案、产品规划、产品重点、产品分析、产品优化方案这套基本技能要熟悉和了解。
3、要接地气，多和所在项目的用户和潜在用户沟通，要比用户更了解自己的项目，搁哪都是个游戏专家，并且能够从一个项目运营负责人的角度去和研发沟通产品定位、产品方向明确产品目标，否则请看下面专员的说明。
4、要有逻辑思维。
5、 有过手机游戏相关产品的数据分析和产品调优相关工作经验；
6、 对数据和手机游戏产品有较强的敏感度，自身热爱手机游戏及游戏行业；
7、 具有良好的逻辑能力，能够对游戏数据和游戏产品进行合理的分析和推断
"
1,80202,游戏产品经理,5699279,10k-20k ,鳗娱饭招聘,深圳,F518创意园，F2栋207.208.209,"['社交', '游戏', '产品策划', '产品设计', '数据分析', '游戏']",经验3-5年 ,本科及以上 ,全职,"氛围轻松,非常有爱,扁平管理","
岗位职责：
1.制定并执行渠道推广计划，完成新增游戏用户数量及游戏下载量指标，为所负责的发行项目收入和利润负责；
2. 统筹现有推广渠道，搭建新渠道，优化推广素材，细化用户标签，提升游戏曝光流量、点击率及后续转化负责评估游戏、制定游戏发行目标和策略；
3．协调研发、测试等各环节，控制项目周期和进度，确保产品顺利上线运营 ；
4、参与需求评审，负责与其它部门之间的沟通合作，给出技术实现解决方案；
5. 负责游戏总体运营：包括游戏上线、数据分析、产品改动、活动制定、社区运营、客服反馈等，以促进游戏不断更新。


任职要求：
1、统招本科及以上学历，3年以上游戏产品设计经验，有优秀PC端、移动端案例者优先；
2、熟悉和掌握各种推广规则和技巧对公司的游戏产品进行有效的推广；
3、熟悉互联网产品设计理念及方法，了解互联网的最新变化和发展方向，对互联网用户习性有独到认识，了解互联网技术特性和系统架构；
4、具备独立撰写产品文档的能力，熟练掌握产品需求分析、设计的技巧，对交互设计过程有深入的了解，有成功的产品策划案例；
5、具备较强的逻辑思维能力、学习创新能力、数据分析能力和语言表达能力，良好的沟通协调技巧和团队合作意识，能承受较大的工作压力。
"
2,80202,游戏产品经理,4559124,15k-25k ,多比特策划部招聘,武汉,光谷软件园F3,"['游戏', '移动互联网', '游戏策划']",经验3-5年 ,本科及以上 ,全职,"生日福利,员工旅游,定期体检,下午茶","

我们需要你来：
1、根据公司的战略思路，对产品进行规划，不断提升公司产品的竞争力；
2、同时负责多个项目，从设计规划、需求撰写、开发管理到产品最终上线的整个流程；
3、通过竞品对比和用户反馈分析，完成产品版本迭代，提升产品的用户体验。

我们希望你是：
1、三年以上游戏策划相关工作经验，具有移动互联网游戏项目管理经验者优先；
2、对休闲游戏或社交类产品有浓厚兴趣，对各种休闲游戏有一定了解；
3、有很强的沟通、协调、推进能力，对产品质量和进度有整体的把控力；
4、卓越的逻辑思维与分析能力，创新意识强，有较强的抗压能力。

我们可以提供：
1、APP下载量长期排名App Store、安卓市场前列的产品，公司发展好，让你现在和未来都不吃亏；
2、位于光谷软件园，周围交通便捷、商圈云集，整层办公楼，宽敞舒适；
3、老板好，领导好，团队氛围好；让你独当一面，充分授权，尽情展示自己；
4、有市场竞争力的薪酬，每年调薪，丰厚年终，让你获得比同龄人高的回报；
5、高基数社保公积金，是你买房、看病、生娃、养老的有力保障；
6、入职体检、年度深度体检，关爱你，我们在身边；
7、节日福利，每一个节日我们与你共度，物资、现金应有尽有，心意不能少；
8、生日福利，你的生日我都记得，我会准备好蛋糕和礼物，为你唱一首生日歌，盼你愿望成真；
9、丰富的下午茶，下午小饿小困时刻，各式下午茶给你补充满满能量；
10、定期团建活动：聚餐、看电影、BBQ，密室逃脱、农家乐......哪里有我们，哪里就有欢乐；
11、健身房，完备的器材、搭配换衣间、淋浴间，让你轻松换装，尽情挥洒汗水，又和自家般便捷自如。
 
"
0,70302,出纳（应届生）,5699158,4k-6k ,易加油招聘,深圳,西丽街道高新北区朗山路19号源政创业大厦A栋7层712单元,"['移动互联网', '出纳']",经验不限 ,本科及以上 ,全职,弹性工作，良好平台，90后年轻团队,"
岗位职责：
 1、执行公司财务制度，协助部门经理共同搞好企业财务管理工作。
2、日常费用的审核及录入工作。 
3、及时、正确提供和合理反映各部门财务状况及经营成果，完成各主管部门报表上报和税费上交工作。 
4、发票的开具，票据的管理与整理日常原始凭证。 
5、利用ERP系统进行做账管理。
 6、出纳日常的付款对账工作并及时向上级汇报资金状况 

任职要求：
 1、优秀应届毕业生也可，会计相关专业，大专以上学历（有一年以上工作经验优先） 。
2、认真细致，爱岗敬业，吃苦耐劳，有良好的职业操守。
3、思维敏捷，接受能力强，能独立思考，善于总结工作经验。 4、熟练应用财务及Office办公软件，对金蝶、用友等财务系统有实际操作者优先。 
5、有会计从业资格证书，同时具备会计初级资格证者优先考虑。

 福利待遇：
 1、基本保障：购买社会保险（养老、生育、工伤、失业、医疗保险）,缴纳住房公积金。 
2、晋升机制：完善的晋升考核奖励机制，管理岗位晋升及专业技能纵深双向发展通道。
 3、培训体系：公司为新晋人员提供入职培训及专业培训；不同级别及不同岗位均有相应专业及管理培训，不断提高员工的综合能力。
 4、员工旅游：提供国内旅游。
 5、年终奖金。  
"
1,70302,出纳,5698962,4k-6k ,西洋汇财务部招聘,广州,广州大道南1601号洋湾电子商务时尚岛B区二楼西侧1-3号,"['电商', '出纳', '海外业务']",经验不限 ,本科及以上 ,全职,福利好，发展空间大，CEO重人才,"
岗位职责：

负责日常收支的管理和核对；
负责收集和审核原始凭证，保证报销手续及原始单据的合法性、准确性；
申请票据，购买发票，开具发票和发票认证；
现金及银行收付处理，制作记帐凭证，银行对帐，单据审核，开具与保管发票；
协助财务文件的准备、归档和保管；
完成其他财务部门相关事项。


职位要求：

具有独立工作和学习的能力，诚实敬业、细致严谨、责任心强、原则性强；
财务，会计等相关专业本科以上学历；有1年以上出纳工作经验者优先；
熟练使用金蝶KIS系统；
较好的Excel处理水平，有电商行业出纳工作经验优先。


公司福利：

双休：周末双休，每周40小时工作制
工作餐：包每天园区饭堂工作餐
零食水果：办公室取之不尽的免费零食、与每天下午的免费进口水果
团建活动：包括每月定期组织羽毛球、唱K、游泳等活动
每季度组织一次户外活动，自愿参与
年度体检：每年定期组织员工体检
租房指南及补贴：为外地员工提供租房指南及租房补贴
优越办公环境：公司地处“天然氧吧”的电商创意园，绿树环绕

***有意者请点击招聘网址http://job.xiyanghui.com了解并且投递简历，成功率提高90%***
"
2,70302,出纳,5589036,6k-10k ,大宇无限财务部招聘,深圳,储能大厦,"['出纳', '财务']",经验1-3年 ,本科及以上 ,全职,平台高速发展 六险一金 提供三餐 成长快,"
主要职责

负责日常报销与付款网银制单、结汇
开户、销户、申请网银、变更、银企对账、各类银行证明办理等
外商独资企业 对公支付、工资发放柜台办理、结备用金
paypal 支付、业务费用审批表格维护
登记银行日记账、维护集团各主体银行信息表
离岸账户年检或配合银行其他检查工作
协助财务负责人发现或建立新的支付模式或流程以支持公司业务发展
其他与资金相关的流程改善、资金效率提高、支持新业务的新支付方式等相关事宜

职位要求

本科以上学历，会计或财务相关专业
3年相关经验
英语六级以上，能够进行基本交流
熟悉财务软件操作和办公软件操作、熟悉基本的财务知识，尤其资金方面
良好的口头及书面表达能力，原则性强，思维敏捷，严谨，工作踏实，具有较强的独立工作能力及应变能力，良好的团队协作能力

加分项目

有跨境支付经验的优先

"
3,70302,出纳专员,5696352,3k-6k ,Swartz财务部招聘,成都,天府三街太平洋保险金融大厦D区15楼,['出纳'],经验不限 ,本科及以上 ,全职,"朝九晚六,弹性上班时间,每月带薪事假","
岗位职责
1、负责日常收支的管理和核对；2、办公室基本账务的核对；3、负责收集和审核原始凭证，保证报销手续及原始单据的合法性、准确性，审核各部门报销数据；4、负责登记现金、银行存款日记账并准确录入系统，按时编制银行存款余额调节表；5、负责记账凭证的编号、装订；保存、归档财务相关资料；
6、负责发票的开具以及台账登记，涉及开具发票的代付证明归整以及统计通报7、每月去银行打印银行回单
8、销售收入的统计汇总、通报
任职要求：
1、本科以上学历，财会相关专业；
2、热爱财务工作，踏实、细心；
3、有相关经验者优先考虑。
【超级棒的福利关爱】
1、全年12天带薪事假
2、n+1带薪年假
3、六险一金+CEO特别关爱保险
4、加班交通补贴+餐费补贴
5、每日供应爱心下午茶
6、集体生日趴
7、其他正常公司有的正常福利我们都有，如：周末双休、病假、婚假等
【不设限的成长回馈】
一年两次调薪机会
【和有货的伙伴一起在前沿平台参与有情怀的工作】
1、这是一家国内一线法律互联网科技公司。拥有国内最大的法律咨询网站、顶尖早期投资机构和上市公司的资源加持，让你能够站在行业前沿的去做一些有意义的事
2、平均年龄26的年轻团队，却有参与过立法解释的专家律师、有海归、有富二代、有学霸，甚至有竞技柔术全国季军等各色牛人
3、团队创造了国内最早的法律智能咨询产品、拥有最好的律所SaaS产品，也写过行业第一本法律知识管理专门书籍《遇见法律知识工程师》
4、我们正在努力将法律知识管理和人工智能（AI）技术结合，将更优质的法律服务推之及人
"
0,40404,客服主管,5692555,8k-12k ,趣丸职能中心招聘,广州,黄埔大道西122号星辉中心17楼,"['部门管理', '客服管理']",经验3-5年 ,大专及以上 ,全职,五险一金、年终奖、包三餐,"
岗位职责：

搭建与管理游戏客服团队，制定客服工作流程、绩效考核、工作事项及日报周报的收集及整理，月报的输出，为客服质量负责；2. 指导及监督客服团队通过论坛、邮件、QQ等工作平台来建立并维护与玩家的沟通服务平台；3. 负责公司游戏的线上玩家引导，体现代表作用为玩家提供游戏高等级玩家的样本；4. 通过不同方式扩展玩家数量、组织玩家活动、活跃玩家气氛，与用户建立良性沟通关系，提升用户粘性；5. 负责建立和维护相关游戏公会，玩家QQ群等，拉近与玩家之间的距离；6. 为玩家普及游戏活动玩法，并辅助宣传游戏物品的相关属性；7. 向玩家宣传游戏活动，做好新区引导，带领游戏消费趋势，挖掘大额充值用户充值潜力；8. 负责汇总玩家的投诉及意见，并作好记录，及时反馈给公司相关部门；跟踪玩家投诉处理结果，针对处理结果对玩家进行回访；9. 负责及时反馈在值班过程中发现的问题，迅速有效地上报，并定期对玩家开展意见收集及调查访问，收集整理相关信息

岗位要求：
1. 热爱玩游戏，有较强的游戏天分，大专及以上学历，专业、性别不限2. 三年以上手机游戏或网络游戏客服运营经验，一年以上管理经验，3. 热爱网络游戏，有较强的游戏敏感度，对游戏客服运营有一定经验4. 优秀的沟通能力，良好的数据分析和跨部门协作能力，有强烈的责任感，服从上级安排
"
1,40404,客服主管,4621175,6k-8k ,微梦传媒招聘,北京,竞园艺术中心,['客服'],经验不限 ,本科及以上 ,全职,"新产品,高增长","
岗位职责：
1.及时妥善处理QQ群，微信群，在线客服，公众号后台的用户问题，并做好记录
2.根据用户提出问题，整理分析后提出解决问题的建设性建议
3.维护QQ群，微信群等用户，提升用户满意度，促进用户活跃，增加付费概率。

职位要求：
1. 1年以上客服经验；2. 独立思考、分析、解决问题能力强；3. 熟悉互联网文化，了解互联网用户沟通习惯；4. 工作习惯良好，善于总结归纳和反思，不断调整工作方法改善工作效果；5. 熟练使用office软件。
"
2,40404,客服主管,5702897,8k-11k ,蓝图信息招聘,深圳,比克科技大厦1101C,['客服'],经验3-5年 ,大专及以上 ,全职,五险一金、包餐、弹性上班时间、下午茶,"
1、统筹客服工作，负责客服部门规划、制度及流程制定；
2、负责客户资料的收集和系统录入；
3、负责公司平台在线QQ和400免费热线等渠道的业务咨询和回复工作，并做好记录登记工作；
4、协助用户运营经理开展用户社群运营工作；
5、协助用户运营经理完成用户活跃、留存和转化目标。
任职要求： 1、具有3年及以上客服经验，有互联网金融行业经验者优先；
2、丰富的客户服务专业意识，熟悉客户关系管理原则和方法；
3、优秀的团队建设和管理能力；
4、良好的沟通技巧和较强的判断力；
5、较强的运营观念，有热情，责任心强，有团队意识。
"
0,80301,游戏动画&特效,5703689,12k-18k ,乐玩游戏美术部招聘,广州,新港东路618号南丰汇1510-1518乐玩游戏,"['动画', '特效', '2D', '3D']",经验1-3年 ,学历不限 ,全职,五险一金，包两餐~不定时旅游,"
职位描述:
根据产品需求，配合引擎，设计与制作游戏中所需要的2D或者3D特效表现；
以Spine为主制作角色动画（回合制动作类），熟悉动特者优先;；
2、能原画将设定模块拆分进行角色蒙皮与绑定骨骼，制作2D动作动画；
3、把握特效在游戏中结合人物与场景的最终效果，协同团队解决项目开发中出现的各种特效问题
4、与美术和团队进行良好的沟通，准确实现项目开发需求。
任职要求：
1、具备扎实的美术基础与软件运用能力，有较强的动作理解和创意能力；良好的色彩搭配感、及素材制作的能力
2、对人体、动物结构有较好的认识，有良好的画面感觉，对角色的肢体语言、表情、节奏感有敏感的理解能力；
3、精通spine、Photoshop，AE, cocos，spine，U3D等相关软件，具备较高的审美素质和良好的美术修养； 
4、有较强的手绘能力，能独立进行精绘界面中的设计图素与图标；
5、具有良好的应变能力、抗压能力、工作协作能力、团队合作精神、善于沟通；
6、热爱游戏事业，关注行业变化，工作态度积极。
"
1,80301,游戏动画师,5561446,10k-15k ,浮云网络招聘,杭州,华电弄78号306,"['动画', 'U3D']",经验3-5年 ,大专及以上 ,全职,福利好，发展空间大,"
工作职责：
1.配合3D建模师，熟悉使用3DMAX进行角色骨骼的绑定及动画制作；
2.配合原画负责公司2D游戏产品的动画设计，游戏整体动态效果把控，
3.配合程序完成动画的接入与调试。
岗位要求：
1.游戏动画专业毕业；具备三年以上游戏公司3D动作制作经验；
2.熟练使用Unity3D3DMAXspine,cocos龙骨ps等游戏动画软件；
3.热衷于动漫、游戏，对人物及不同生物的运动规律有一定的了解；
4.具备良好合作态度及团队精神，并富有工作激情、创造力和责任感。
"
2,80301,游戏动画师/3D动作,5336545,15k-25k ,极客创游美术部招聘,北京,柳芳地铁B口新天第大厦B座1005,"['游戏', '动画', '3D', '动作', '特效']",经验1-3年 ,本科及以上 ,全职,五险一金、员工旅游、全勤奖、周末双休,"
岗位职责：
1、能够根据2D设计及游戏世界观背景，设计并制作动画
2、负责实现游戏内场景、道具等动作设计制作及骨骼设置、蒙皮调整；
3、负责动作资源上传至引擎并维护。
 
岗位要求：
1、熟悉事物的运动规律，能设计并制作出生动、有趣、自然的动画；动画类专业优先
2、需要有创意性思维，主动思考趣味性动作设计，有良好的审美能力
3、有较好的沟通能力、抗压能力，责任心强，懂得学习与分享；

4、熟练使用3Dmax或Maya，有Unity3D引擎使用经验优先
5、有成熟游戏项目经验，需要具备一定ui制作能力（粒子特效优先） 
简历中请附带个人作品  。
"
0,30110,原画设计,5586872,15k-30k ,多益网络招聘,广州,伴河路,"['原画', '场景', '角色']",经验不限 ,学历不限 ,全职,互联网百强,"
【工作职责】
角色原画
游戏场景、海报背景等美术概念设计
资深角色原画
1.配合产品美术总监制定游戏角色风格，输出角色原画设计模版和规范；
2.具备角色制作能力，组织角色原画和角色制作人员开展工作；
3.具备对角色模型制作充分理解的能力，能与模型制作人员沟通合作、跟进效果；
4.参与具体角色设计任务，审核外包提交的角色设计稿，指导外包制作；
5.依据角色原画设计流程，参与审核；
6.使用引擎编辑器控制角色最终游戏效果；
7.积累和共享角色设计经验，编写课件并培养新人，分享设计经验。
场景原画
1.根据游戏风格和制作要求，设计游戏中的场景氛围、特色建筑和各类植被；
2.按要求绘制游戏场景CG图、场景概念图和相关的场景海报。
资深场景原画
1.配合产品美术总监制定游戏场景风格，输出场景原画设计模版和规范；
2.具备使用引擎编辑器编辑规划场景的能力，组织场景原画和场景制作人员开展工作；
3.具备对场景模型制作充分理解的能力，能与模型制作人员沟通合作、跟进效果
4.参与具体场景设计任务，审核外包提交的场景设计稿，指导外包制作；
5.依据场景原画设计流程，参与审核；
6.积累和共享场景设计经验，编写课件并培养新人，分享设计经验。
【职位要求】
角色原画
1.美术类大专以上学历，一年以上场景原画及相关设计工作经验；
2.熟练掌握平面设计软件；
3.具备CG美术绘画基本技能及较强设计创作能力，思维活跃，想象力丰富；
4.扎实美术基础功底以及光影构图能力；
5.良好沟通能力和团队合作意识，能承受一定工作压力，具有良好的职业素养和道德。
优势条件：
具备3D模型制作能力和地图制作、图标制作、界面设计制作经验者优先。
投递简历时请务必上传多份个人作品作为参考，谢谢！
资深角色原画
1.热爱游戏，关注游戏体验，结合本岗位工作配合产品改进游戏体验；
2.大专及以上学历，美术相关类专业毕业，深厚的美术功底；
3.三年以上角色原画设计经验，有主导团队开展设计工作经验者尤佳；
4.有较强的综合分析能力，创新能力，准确理解工作需求并高效完成；
5.有较强的责任心，工作投入度高，配合团队完成目标；
6.熟练掌握该岗位所需软件，有较强的学习能力，主动研究或学习新的技术运用到工作中。
场景原画
1.热爱游戏，关注游戏体验；
2.大专以上，美术相关类专业毕业，深厚的美术功底；
3.两年以上场景原画设计经验，有主导团队开展设计工作经验者尤佳；
4.有较强的综合分析能力和创新能力，准确理解工作需求并高效完成；
5.有较强的责任心，工作投入度高，强烈的团队精神；
6.熟练掌握相关平面设计软件，有较强的学习能力，主动研究或学习新技术运用到工作中。
资深场景原画
1.热爱游戏，关注游戏体验，结合本岗位工作配合产品改进游戏体验；
2.大专及以上学历，美术相关类专业毕业，深厚的美术功底；
3.三年以上场景原画设计经验，有主导团队开展设计工作经验者尤佳；
4.有较强的综合分析能力，创新能力，准确理解工作需求并高效完成；
5.有较强的责任心，工作投入度高，配合团队完成目标；
6.熟练掌握该岗位所需软件，有较强的学习能力，主动研究或学习新的技术运用到工作中。
"
1,30110,原画师/动画师,/670520,10k-15k ,小肚皮App设计部招聘,北京,建国路93号万达广场A座,[],经验不限 ,学历不限 ,全职,逗逼氛围、五险一金、年度旅游、餐补,"
岗位职责：
负责角色服装及角色的设计

岗位要求：
1、良好的美术功底                     
2、 画风偏可爱，萌二次元系系优先考虑
3、对整体色彩、角色设计有良好的把握    
4、熟练运用FLASH等各类专业软件        
5、会后期AE/特效制作等加分6、有创意                            
7、良好的沟通协调能力


你可以得到：

高大上工作环境，VIP健身房，高性能游戏室等你来！
年底老板感恩季，绩效奖金拿到手瘫痪，豪华7日国际游
天天无限供应的零食大趴踢
每周公司心机大聚会，K歌*，吃饭*，密室逃脱*，等你来组队
每周一场与一群颜值高队友关于产品/市场的头(撕)脑(X)风(大)暴(会)

"
2,30110,原画师,5702517,8k-15k ,德因科技招聘,深圳,华南城华利嘉电子市场2F050,"['原画', '手绘', '插画', '动画']",经验1-3年 ,大专及以上 ,全职,年终三薪 岗位晋升 扁平管理,"
岗位职责：
1、负责品牌整套IP卡通形象设计；
2、能把握多种商业插画风格和绘画技巧，独立创作作品。
岗位要求：
1、美术绘画相关专业毕业，专科以上学历；
2、有扎实的手绘功底，善于用图说话；
3、可以独立绘画各种现代流行的插画风格，精通PHOTOSHOP，PAINTER 等主流绘图软件，熟练使用手绘板。
备注：面试时请带上您的简历和作品，谢谢！
福利信息：
1.薪酬：工作良好者年终双薪、工作优秀者年终三薪、工作卓越者年终五薪，同时工作优秀者、卓越者享受年度分红；
2.上班时间：朝九晚六，大小周；
3.餐饮住宿：房补餐补；
4.社会保险：入职后公司统一购买社保（养老保险、工伤保险、失业保险、医疗保险、生育保险）及住房公积金；
5.办公氛围：乐于帮助、 乐于分享、气氛融洽、铸就梦想；
6.文娱生活：年度旅游、年会、季度全体聚餐、月员工生日会、节日福利；
7.发展空间：公司拥有良好的培训、健全的晋升机制和人性化的管理方式，对表现优秀的员工，公司将予以双通道晋升。
公司信息：
深圳德因科技有限公司（纯电商公司），成立于2014年，是实力雄厚的德国海归创办，位于深圳龙岗平湖“国际电商生态城”华南城5号馆。德因科技坚持秉承“助健康、齐分享、乐融融、实梦想”的价值观，召集各路大咖、精英，将大自然无私赐予的物资，帮助更多热爱生活，追求高品质人健康幸福！
"
0,10808,测试总监,5533565,40k-60k ,呆萝卜技术部招聘,杭州,远洋国际中心A座6层,"['电商', '测试管理', '部门管理', '高级技术管理']",经验不限 ,本科及以上 ,全职,新零售赛道 成熟商业模式,"
职位描述：
1、负责公司测试团队质量管理体系的建设和管控，负责测试团队技术规划、创新和应用，提高整体测试技术水平及工作效能； 
2、根据产品架构和业务要求，构建包括功能、自动化、性能、全链路等覆盖所有测试的基础设施，制定测试策略并推动执行；
3、协助开发部门进行系统优化，提供高效合理的解决方案，主导测试需求实现，配合项目顺利完成； 
4、负责测试部门和其他部门的协调工作，监控分析达成本部门质量目标的达成 、提升本部门工作效率 ；
5、评估测试方案、测试策略和相关测试报告，完成测试团队成员的项目绩效考核；
6、负责培养、发展和管理团队，并组织相关培训工作，保证测试团队能力的持续提高。

任职要求： 
1、计算机或相关专业，10年以上测试工作经验，5年以上中型测试团队管理工作经验；
2、精通性能测试、自动化测试、安全测试、接口测试、白盒测试，熟练掌握主流测试工具和故障定位工具的使用方法；
3、熟悉大型软件架构，熟悉操作系统和数据库理论和应用，具备丰富的大型复杂系统的测试经验； 
4、熟悉软件工程和软件测试流程，熟练掌握linux操作系统，熟悉shell编程，掌握一种脚本语言；
5、熟悉流行的开源测试工具和框架，具备二次开发能力，能够做代码走查和问题定位；
6、出色的团队领导能力和管理能力，有丰富的团队建设经验，有能力吸引和发展杰出人才；
7、擅于跨团队沟通和协作，对提高软件产品的测试效率和效果有强烈的激情，能够有效协调资源完成既定目标。
"
1,10808,测试总监,5496635,30k-40k ,58到家招聘,北京,北苑路大羊坊10号桑普大厦6层,"['移动互联网', '测试管理', '部门管理']",经验5-10年 ,本科及以上 ,全职,强大平台、优厚薪资、扁平管理、六险一金,"
岗位职责：1.负责业务产品线的测试工作和技术改进；2.根据产品架构和业务要求，构建测试基础设施、制定测试策略并推动执行； 3.参与产品需求和架构设计评审，提高产品的可测性； 4.组织回顾线上问题，定期评估发布质量； 5.关注并引入行业前沿技术（自动化、数字取证、逆向等），提升交付效率，引领团队技术发展； 6.负责培育、发展和管理团队，构建能用技术手段解决交付流程中痛点难点的团队。 任职要求： 1. 至少五年以上大型互联网测试团队管理经验； 2.熟悉Ruby/Python/JavaScript/Shell等脚本编程中至少一种； 3.熟悉互联网应用开发测试流程、代码分支管理等基本技能； 4.正直、热爱团队，有比较成功的培育和发展团队（30人以上）的经历，能提升团队绩效； 5.有意愿和信心突破传统测试，构建能用技术手段解决交付流程中痛点难点的团队； 6.具备业务、团队和技术等方面的前瞻性，关注行业动态、前沿技术； 7.出色的推动能力，很强的学习能力和分析、解决问题能力。
"
2,10808,测试总监,5541701,35k-45k ,动因体育招聘,北京,酒仙桥路13号瀚海国际20层,"['体育', '教育', '测试']",经验5-10年 ,本科及以上 ,全职,公司平台大 发展前景好,"
职责描述：1. 负责公司测试团队建设和管理（15人团队），工作流程制定和推行；2. 负责自动化测试技术规划、创新和应用，提高整体测试效能；
3. 负责App、小程序、公众号以及Web端测试；4. 对产品用户（客户）体验、产品安全和质量负责，并提出建设性优化建议；5. 评估测试方案、策略和测试报告，帮助测试团队成员的提升绩效。岗位要求：1、计算机相关专业，统招本科以上学历；2、8年以上测试工作经验，3年以上移动端测试团队管理经验；3、至少2年以上大型互联网公司测试团队管理经验；
4、精通性能测试、自动化测试以及移动端专项测试，精通一种编程语言；5、热爱K12体育培训领域。
"
0,80306,游戏动作,5700749,5k-8k ,星界映画招聘,武汉,湖北省武汉市洪山区关山大道150号光谷app广场c栋810室,"['游戏', '2D', '3D', '动作', 'U3D']",经验1-3年 ,学历不限 ,全职,五险、周末双休、朝九晚六、不加班,"
岗位职责
1、熟练使用 Spine等软件绑定制作2D、3D骨骼动作
2、熟悉人体、动物动作规律，善于利用动作塑造人物的性格。
3、熟悉动作倒入引擎流程，会使用U3D和UE4。
4、与团队进行良好的沟通，准确实现项目开发需求；
任职要求
1、热爱游戏，有相关行业一年以上工作经验;
2、具备扎实的美术基础与软件运用能力，有较强的动作理解和创意能力；
3、熟悉动作制作设定流程，熟练掌握多种游戏美术风格效果;
4、喜爱日本动漫，对二次元文化有深入了解者优先考虑;
5、简历中须附带自己近期作品.
"
1,80306,游戏动作设计师,5697898,11k-22k ,族星美术部招聘,北京,恒空间70,"['游戏', 'U3D', '动作']",经验1年以下 ,学历不限 ,全职,入职即有五险一金,"
岗位职责：
1、负责游戏角色的骨骼适配、蒙皮、动画制作；
2、负责角色的模型绑定，动作调试，以及动作制作
3、对动画知识有深刻的理解和认识，有娴熟的角色动作制作能力，了解各类角色动作特点
4、有良好的动作设计概念。
任职要求：
1、一年以上动作工作经验；
2、对人物及不同生物的运动规律有一定了解，对动作必须有一定的认识，善于利用动作塑造人物的性格，善于设计个性且漂亮的打斗动作；
3、做事认真细致，精益求精，严于律已，具有高度责任感和团队合作精神，善于主动提出问题并协同解决。
"
2,80306,游戏动作,4340138,8k-15k ,鲸鱼集团研发部招聘,广州,建中路50号佳都国际大厦首层,"['游戏', '2D', '3D', '动作']",经验3-5年 ,学历不限 ,全职,"平台广,发展好,妹子多,环境好","
职位要求：
1、三年年以上工作经验，熟练3dsMax等主流3D动画制作工具,了解Spine或DragonBone类型骨骼动画软件的应用
2、有过一款以上三渲二项目工作经验,了解三渲二的工作流程以及规范.
3、有良好的交流和团队协作能力，有较强的适应力、领悟力和理解能力；
4、对人物及不同生物的运动规律有深刻的了解，需要设计制作出人物（或其它生物）的流畅、帅气、搞怪等动作
5、有精益求精的钻研精神，有极好的耐心经得住反复修改，能够承受一定的工作压力；
6、接受加班
"
0,40110,销售运营专员,5698631,6k-10k ,拉勾网招聘,深圳,学府路 软件产业基地 4栋 A座 8楼 803室,"['企业服务', '数据分析']",经验1-3年 ,大专及以上 ,全职,全额五险一金 周末双休 团建 培训,"
我们需要你：

1. 配合各业务部门对多种数据源进行深度诊断性组合分析、提交有效的分析报告；

2. 独立编写商业数据分析报告，及时发现和分析其中隐含的变化和问题；

3. 对各类数据进行验证核对，确保数据的准确性、有效性；

4. 协调相关部门实施关键数据的纪录，进行日常数据的汇总保存；

5. 各类业务周期性报表制作、专项报表制作；

6. 进行客户资源管理。


我们期待遇见这样的你：

1.1年以上互联网行业销售数据分析相关工作经验；

2.精通excel，具备优秀的数据统计及图表展现能力，良好分析能力，能独立撰写PPT分析报告；

3.较强的积极主动性，快速响应、高效执行的能力;

4.工作认真负责，勇于承担责任，有良好的沟通能力，注重团队合作精神。

5.学习能力，执行力强的应届生也是非常欢迎的。
"
1,40110,运营专员,5702706,6k-10k ,深圳微融招聘,深圳,北理工创新大厦12楼,"['运营', '产品运营', '用户运营']",经验1-3年 ,大专及以上 ,全职,高薪 轻松 灵活,"
工作职责1、负责互联网贷款产品的建设以及运营计划的制定和实施2、开展运营数据分析和市场状况分析，根据分析结果指导运营策略制定和实施；2、负责对接流量合作方，并操作日常促活/沉睡用户挽回工作，通过运营手段提升为KPI；3、完善运营管理系统，配合信息技术人员进行开发、测试、上线。4、负责用户运营，建设用户生命周期标签，通过数据发现问题并及时优化， 输出方案并落地执行；5、提升用户转化，活跃及，留存，监测用户数据模型，完善各方面指标。工作要求： 1、本科以上学历，经济、金融、或工商管理等相关专业。  2、2年以上互联网运营工作经验，互联网金融或贷款运营经验优先；2、有较好的用户运营方法论，对数据及用户行为敏感；3、思路清晰，擅长跨部门沟通协作，较好的学习能力及执行力。4、能够熟练操作办公自动化Excel， PPT等软件优先
"
2,40110,运营专员（理赔）,5704821,5k-7k ,大搜车保险招聘,杭州,五常大道175号,['运营'],经验1-3年 ,本科及以上 ,全职,餐补，带薪年假，节日礼品，定期体检,"
【岗位职责】
1.协助理赔负责人梳理并落实各项理赔规则；
2.负责对接保险公司收集并分析相关理赔数据，及时发现数据异常并查找原因，不断优化与保险公司系统对接的流程、规则，提升理赔效率；
3.定期汇总各项理赔数据，通过数据对保险公司各项理赔指标进行考核；
4.协助联系保险公司，推进与保险公司的系统对接工作。

【任职要求】
1.全日制本科及以上学历；
2.1年以上工作经验，从事过汽车/保险行业优先；
3.具备较好的逻辑分析能力、数据处理能力，对业务敏感度高，能快速熟悉新业务，具备业务规划能力；
4.熟练掌握Office办公软件。
"
0,30201,交互设计师,5698016,9k-14k ,兴海物联UEDC用户体验中心招聘,深圳,豪威科技大厦,"['交互', '移动交互', '设计']",经验3-5年 ,本科及以上 ,全职,平台大，资源多，发展空间大，扁平化管理,"
岗位职责：
1、对公司移动端产品的用户体验负责；
2、负责需求的讨论制定，确立设计目标； 
3、负责用户体验设计，给出有效的交互解决方案，并推动方案的落地； 
4、对用户研究负责，根据结论对产品进行优化；
 5、梳理产品设计规范，推动规范在团队执行，让体验更一致，迭代更高效。
---
任职要求：
1、本科或以上学历，人机交互、视觉传达、工业设计或相关设计专业毕业2、3年以上互联网产品设计及相关工作经验；3、熟悉交互设计相关理论、工具及方法，并对信息架构、访问路径、页面布局等设计流程有深入理解；4、熟练掌握设计产出的各类技能，包括流程及线框图，低保真原型等内容的输出；（软件不限）5、善于并乐于了解互联网新事物，对业界流行的设计元素有深入的见解；6、熟悉互联网产品设计、开发和运营流程，有良好的团队协作以及沟通协调能力；7、加分项：有物联网设计经验者有响应式设计经验者有UI设计经验
"
1,30201,交互设计师,5697412,25k-50k ,UMU招聘,北京,宣武门庄胜广场办公楼,"['移动互联网', '交互']",经验不限 ,本科及以上 ,全职,"产品好,团队好,福利待遇优","
工作职责：
1.  负责UMU产品的的整体交互设计工作。包括制定产品界面布局、功能引导、操作流程、交互细节，输出交互方案；
2.  和产品经理、视觉设计师和工程师一起完成产品的最终实现，保证交互和视觉的一致性，产品意图明确，易用性强；
3. 参与用户研究和可用性测试，协助跟进产品使用反馈，参与产品新功能及优化方案的探讨和执行； 
4. 参与产品界面风格研究、视觉设计的分析与探讨。

职位要求：
1. 985/211大学本科及以上学历；
2. 熟悉用户体验分析方法，对用户体验易用性原则有深刻的理解和运用能力，能用设计语言解决产品问题；
3. 对创新和设计相关的话题有热情；
4. 能够快速理解产品需求，愿意承担有一定创新性、挑战性的工作；
5. 美术、工业设计、计算机等相关专业优先；
6. 有过完整的线上产品交互设计经验优先；
7. 同时具备电脑端和移动端交互设计经验优先。

福利待遇

极富竞争力的薪酬+股票期权激励+五险一金+员工及子女高端商业医疗保险、就医0起付100%报销；
免费早餐+午餐餐补+晚餐餐补+畅享各种零食饮料；
上下班公交地铁充值卡实报实销+就医打车100%报销
弹性办公+人体工学座椅+苹果笔记本电脑+各种高端IT设备
全年法定节假日灵活多放假期（如：16、17年春节12天假期）
每年富有竞争力的调薪政策


UMU互动学习平台
UMU是知识分享与传播的学习平台，连接人与知识，加速知识的流动，让每个人融入、分享、收获。
在知识共享的时代，每个人的知识和经验都可以经过萃取和提炼分享给他人。使用 UMU 提供的创新混合式互动学习方式，可以制作图文音视频各类互动课程，同时还可以在活动学习培训现场发起调研、提问，激发相互分享，使用手机进行直播。
UMU在2015年至2018年连续四年成为全球最为权威的人才发展协会ATD的白金合作伙伴。
我们持续荣获行业殊荣与赞誉，选择UMU代表了对企业对创新的追求与投入。UMU是吸引人才与构建学习型组织的重要元素。
目前UMU的产品拥有四种语言，服务全球的用户，包含：
中文版：www.umu.cn
英文版：www.umu.com
日文版：www.umu.co
繁体中文：www.umu.tw
UMU APP：UMU互动（在不同国家和地区可以下载到不同语言版本）

UMU团队：
UMU的创始人李东朔，为互联网发展的领军人物之一，创立UMU之前在Google有七年的工作经历，曾任Google商业合作部总监，主管Google商业合作部大中华地区业务发展工作。李东朔曾受聘于清华大学经管学院EDP培训中心、清华大学继续教育学院职业经理人培训中心、北京大学经济学院、惠普商学院、惠普IT管理学院等多家机构，通过演讲、培训、写作、咨询等方式引领传统行业拥抱互联网创新与变革。
UMU团队中拥有着来自Google、百度、360、搜狐、京东等全球顶级互联网公司的产品与技术精英。他们对互联网产业的深刻理解，对用户需求的敏锐洞察，对未来趋势的智慧视角，让UMU产品以无缝的多屏体验和卓越技术水平著称。

UMU广受业界认可，斩获多项行业大奖：

全球人才发展协会ATD 2015－2018年全球十大白金合作伙伴
《培训》杂志 2015、2016、2017年中国企业培训行业最受欢迎品牌大奖
中国人才发展社群CSTD 2016年十大创新产品第一名
人力资本杂志 2016年大中华区人力资源创新服务大奖
智享会 2017中国学习发展价值大奖——2017中国在线和移动学习供应商 10 强奖项
中国人才发展社群CSTD“2017全国企业人才发展最佳解决方案”荣誉称号
HRoot 2017人力资源服务创新大奖
HRoot  2017-2018 大中华区人力资源机构客户满意度大奖(在线学习类)
2018年中国学习与发展供应商价值大奖、大中华区人力资源机构客户满意度大奖

"
2,30201,交互设计师,5693499,20k-30k ,广州多融信息科技有限公司招聘,广州,高德置地冬广场H座2905,"['交互', '用户体验']",经验5-10年 ,大专及以上 ,全职,千万级用户；包吃；每天下午茶；办公环境好,"
岗位职责1、协助产品经理，负责公司相关产品的交互设计与执行； 2、熟悉用户体验分析方法，配合团队分析用户、协助产品提升用户体验； 3、负责产品的交互设计展示，包括但不限于：信息架构、低保真原型、高保真原型、可交互式原型展示及产品理念展示； 4、能够使产品的交互和视觉设计保持一致性，并能贴合用户使用习惯，提高用户使用效率5、协助跟进产品使用的反馈，并参与产品的迭代、维护方案的探讨和执行； 6、参与产品前期界面风格研究、设计流行趋势分析及项目组内视觉质量审核和质量把关。 岗位要求：1、人机交互、视觉设计、计算机相关专业； 2、5年以上交互设计相关工作经验，对产品流程、用户交互流程及用户需求有深入理解； 4、认真细致，善于创新，有出色的观察与产品界面分析能力； 5、对用户体验易用性原则有深刻的理解和运用能力；6、有完整的APP交互设计项目。
"
0,80403,游戏推广,5697082,5k-8k ,皋宇网络招聘,武汉,洪山区关山大道创业街3栋1502,"['游戏', '移动互联网', '推广', '市场', '销售']",经验应届毕业生 ,学历不限 ,全职,免费住宿 带薪培训 晋升空间 出国游,"
工作职责：
1、负责公司游戏产品在线推广工作，提升玩家消费率，处理玩家在游戏中遇到的问题;
2、真心喜欢游戏，最好是接触过网页游戏，对主流游戏有一定的了解，有一定的游戏组织能力;
3、在游戏内组织玩家群体，并维护指导，帮助玩家找到好的游戏环境，保持玩家活跃度和稳定性，减少玩家的流失率。 


任职要求：
1、对工作有高度的热情，良好的团队合作精神，能吃苦耐劳，踏实肯干，有上进心；
2、熟练操作电脑；
3、性格活泼开朗，适应能力强。


福利待遇：
1、2800底薪+奖金+高提成（10%-25%），平均薪资8000左右；
2、上班时间：下午：13:00-22:00，下午休息时间17:00-18:00，每月至少4天休息，节假日带薪休假；
3、（提供住宿）员工宿舍配有热水器，洗衣机，空调等电器，高档小区，步行5分钟即到；
4、公司设有年终奖等各种奖项，带薪年假，拥有良好的晋升制度和晋升空间；
5、不定期举行交流聚餐，室内外娱乐活动，劳逸结合。
"
1,80403,游戏推广,5694874,8k-15k ,阿甘快跑招聘,武汉,湖北省武汉市洪山区光谷大道靠近现代·国际设计城3期,"['游戏', '销售']",经验不限 ,本科及以上 ,全职,"高底薪高提成（月入轻松过万）
公司氛围好","
上班要求：1、年龄18-30岁，男女不限，应届毕业生皆可，接触过手游或者网页游戏或者网络游戏 ,喜欢游戏，对游戏有一定的了解（年轻就是资本） ；2、性格活泼开朗，有良好的沟通能力及服从意思，有一定游戏组织能力。（一张能说会道的嘴是最大的惊喜）；3、自我调节，抗压能力强，敢接受工作挑战，有一定自制力，不会沉迷游戏。（我们不生产游戏，我们只是毛爷爷的搬运工）；4、有责任心上进心和团队意识，肯虚心请教，能挑战高薪。（高调做事，低调做人是永远不变的真理）；5、熟练使用QQ、微信 等网络聊天工具；6、操作简单，只要你会上网聊天，愿意主动与人沟通，万元高薪不是梦；7、轻松的办公氛围和良好的工作环境，广阔的发展和晋升空间，无相关行业工作经验要求，岗前专业培训及岗后专人指导，人手一部电脑， 不需外出接受“风吹雨淋，烈日暴晒”的洗礼，在办公室办公吹空调打游戏；8、热爱工作，热爱集体，热爱你们的老板（奋斗的路上有个人带着总归是好的）。工作职责（负责拉人）：第一步，进入大型的游戏，主动去找游戏玩家打招呼聊天，目的获取QQ微信联系方式；第二步，添加为好友，跟游戏玩家聊天，聊天内容为个人基本情况和兴趣爱好；第三步，邀请玩家一起来玩公司代理的游戏，只要玩家进入游戏里面就行了。主要负责公司各款网页游戏和手游产品在线推广和维护工作，通过各种渠道寻找玩家，洽谈让玩家使用本公司的产品。在游戏内维护好玩家，和玩家保持沟通，保持玩家活跃度和稳定性，减少玩家流失率，引导玩家消费。上班时间：10:00-11:30  13:00-17:00  周末单休薪资待遇：无责底薪3500/月+奖金+高提成
"
2,80403,游戏推广专员,5702614,3k-6k ,云端助手推广部招聘,成都,天府四街OCG国际中心B座37楼,['游戏'],经验不限 ,大专及以上 ,全职,五险一金、发展潜力优、美女多,"
岗位职责：
1、负责对公司可接入游戏进行市场动态收集，做投入可行性分析；
2、了解市场上热门游戏外放规则，及时反馈；
3、通过各大渠道招募一定数量的游戏用户，组织用户进驻指定游戏；
4、跟用户建立良好的关系，保持沟通，关注用户群的活跃度，及时掌握用户的情况并处理
任职要求：
1. 至少玩过2-3款游戏，并熟悉游戏玩法；
2. 热爱游戏行业，愿意在游戏行业发展；
3. 有一定的电脑基础，能够用电脑做简单的数据分析；
4. 有相关经验优先。
5. 接受实习，实习期至少3个月
6. .具有较强的逻辑分析能力，对新的测试技术、技巧有一定的学习能力
"
0,40201,副主编,5544647,18k-21k ,鲸媒体招聘,北京,中关村SOHO,"['教育', '媒体']",经验3-5年 ,本科及以上 ,全职,"五险一金,定期培训,可转岗,餐费补贴","
岗位职责： 
1、特稿、大稿采访写作
2、行业分析稿件写作
3、公司专访报道
4、行业数据整体分析
5、创新项目把控
6、日常人员管理和安排 
任职要求：
1 媒体从业经验三年及以上
2 有一定财经专业知识，有钻研精神
3有责任感
加分项
1、媒体从业背景
2、有运营感觉
"
1,40201,男/女频副主编（网文）,2840743,8k-15k ,掌阅掌阅文化招聘,北京,四惠东通惠河南岸四惠大厦2层2029E,"['编辑', '记者']",经验3-5年 ,本科及以上 ,全职,"网络文学,平台好","
岗位职责：
1.  负责分析网络文学作品流行趋势，把控签约方向，协助男/女频主编负责签约作品内容和质量把控；
2.  管理编辑团队，带领团队完成既定工作任务；
3.  能根据市场需求，对作者进行针对性的指导，使其作品的效益最大化；
4.  能了解各渠道用户群的需求特点，选择优质合适的作品进行推广和包装；
5.  关注作品表现，关注作者需求，跟踪作品推广效果，作者需求变化，分析反馈数据调整签书策略，完善作者维护方法。
 
任职要求：
1.  热爱网络文学，在行业内具备一定的基础和经历，从事网络文学行业至少两年以上，有管理经验者优先；
2.  熟悉网络文学及原创网站，能够分析判断市场走势和行业内容发展趋势；
3.  有充足的作者资源，在重点作者的签约上游刃有余；
4.  沟通能力出色，能理解和实现网站、部门需求，善于和作者沟通；
5.  有责任心，吃苦耐劳，富有创新精神和执行力。
"
2,40201,副主编,5236844,20k-30k ,新经济100人采编部招聘,北京,麦子店西街,"['移动互联网', '媒体', '主编']",经验5-10年 ,本科及以上 ,全职,"最新商业,管理岗,最优质团队,丰厚薪酬","
工作职责：
1.  独立策划有价值的深度选题，并对采访公司文章进行深度编辑；
2.  采编部门内部日常管理。
任职要求：
1.  独立、客观、公正；
2.  经济、金融专业背景，本科及以上学历；
3.  有5年以上商业财经媒体工作经历；
4.  有独立策划能力、突破能力、管理能力及培养记者能力；
知识面广泛。
"
0,20201,网页设计师,5698117,4k-6k ,中大互联在线招聘,佛山,市东上路39号越秀可逸新势力5-6栋,"['教育', '网页', 'App设计', 'UI']",经验1年以下 ,大专及以上 ,全职,发展空间大,"
【岗位职责】
1、根据网站需求设计网站风格和架构，独立完成网站界面的设计和制作；　
2、负责教育网站设计以及页面制作，完成网站美化更新； 　　
3、负责公司广告活动专题的版面策划、印刷广告设计；
4、负责移动页面设计和制作

【任职要求】 　　
1、熟练使用Photoshop、Dreamweaver、等常用工具进行网页制作，以及CorelDRAW，AI等广告设计软件； 
2、精通html、css，熟练掌握基于DIV+CSS网站布局；
3、熟悉JavaScrip语言、熟悉Jquery；
4、熟悉CSS和JS在各浏览器的兼容问题，并能解决浏览器兼容问题。 
5、有网页web前端设计工作经验，移动端页面设计与制作经验，美术或计算机专业优先。
6、一年以上PC和移动设计工作经验； 
7、认真负责、良好的沟通能力和团队合作精神。
【福利待遇】
1、具有竞争力的薪酬—无责任底薪+高提成+丰厚奖金+年终奖，月薪过万不是问题；
2、社保+无息购房贷款—为你的生活保驾护航。
3、温馨的下午茶—劳逸结合享受公司的关爱。
4、父母年终红包—来了就是一家人。
5、免费培训课程—多种课程想学就学，妈妈再也不用担心我的学习了。
6、丰富的员工活动—和小伙伴们一起造反。
7、提供住宿—良好的住宿环境，和小伙伴们一起做饭可不要太温馨哦。
8、免费旅游—世界那么大，一起去看看。
9、设备齐全的茶水间—公司提供微波炉、冰箱等，在公司享受家里的感觉。


公司名称：深圳中大互联教育科技有限公司佛山公司
公司地址：佛山市禅城区市东上路39号越秀可逸新势力5-6栋
公司主页：www.zdhulian.com
联系人：窦建国 18138545146
"
1,20201,网页设计师,5695291,3k-6k ,高森网络设计部招聘,东莞,莞城街道智慧小镇二期C栋110,"['移动互联网', '企业服务', '美工', '视觉', 'UI', '网页']",经验1-3年 ,大专及以上 ,全职,关键字：独立完成网站整站设计制作,"
        岗位职责：
1、负责公司网站的设计、改版、更新；
2：会简单的制作（网页整体切图）和维护工作，能独立完成整个网站优先！
3、负责客户及系统内的广告和专题的设计；
4、负责与开发人员配合完成所辖网站等前台页面设计和编辑；
5：思路清晰，具备良好的沟通能力、理解能力，有强烈的责任心，人品踏实可靠
6、专科或本科以上学历，设计或美术相关专业毕业。
任职资格：
1、男女不限，设计相关专业，有互联网公司建站经验优先。
2、有扎实的美术功底、良好的创意思维和理解能力，能及时把握客户需求；
3、精通Photoshop\Dreamweaver\Illustrator等设计软件，对图片渲染和视觉效果有较好认识；
4、善于与人沟通，良好的团队合作精神和高度的责任感，能够承受压力，有创新精神，保证工作质量；
5、应聘时请务必提供个人作品。
福利：
底薪(3500-4500)+项目提成+奖金+补贴+五险一金+年底分红+公司拓展旅游
职能类别：网页设计/制作/美工
关键字：网页设计制作
        "
0,11008,FPGA工程师,5695895,10k-15k ,思非电子开发部招聘,武汉,光谷总部国际5栋601,"['FPGA', '硬件开发', '系统集成', '自动化']",经验3-5年 ,本科及以上 ,全职,双休、15天带薪年假,"
1、负责项目中FPGA的方案设计；
2、负责FPGA设计文档的编写和代码的实现；
3、负责FPGA代码的仿真和调试；
4、配合硬件工程师完成调试工作。

任职要求：
1、通信、电子、计算机、自动化等相关专业本科及以上学历；
2、掌握数字、模拟电路以及数字信号处理的基本原理，有一定的硬件设计基础；
3、熟悉Verilog或者VHDL程序的设计与仿真，熟练掌握FPGA开发工具和仿真工具，熟悉主流FPGA芯片的架构和程序设计；
4、具有完整的FPGA项目开发经验，具有DDR2、DDR3、PCIE、FIFO等高速接口调试经验优先；
5、具有良好的沟通能力，能够熟练阅读英文技术资料。

福利待遇
1、五险一金
2、年终奖；
3、丰厚过节费；
4、五天工作制，双休；
5、一年15天的带薪年假，与国家政策同步的法定节假日 ；
6、婚事福利；
7、生子福利；
8、生病住院：发放慰问金；
9、一年若干次聚餐；
10、员工活动：一年两次旅游、年终庆祝活动、体育活动等；
11、定期的公司内部培训及外部培训；
12、系统的管理体系，薪酬体系；
"
1,11008,FPGA工程师,5697592,8k-12k ,纬志电子招聘,广州,广州开发区沿河路一号五楼,"['智能硬件', '视频']",经验1-3年 ,本科及以上 ,全职,双休、团队氛围,"
        1、岗位职责：
负责完成FPGA系统代码的实现，编写代码注释和开发文档；
辅助进行系统的功能定义,程序设计；
根据设计文档或需求说明完成代码编写，优化、调试，测试和维护。
2、职位要求：
自动化、（微）电子、电信、计算机等理工科专业，本科以上学历，2年以上工作经验；
熟悉FPGA开发思想，精通lattice或xilinx系列之一，会使用VHDL语言；
熟悉视频和图形图像处理技术；熟悉FPGA的时序约束、时序分析、时序优化方法；
FPGA高速DDR接口开发经验；
具备需求分析和系统设计能力，以及较强的逻辑分析和独立解决问题能力。
 
        "
2,11008,FPGA开发工程师,5568465,20k-40k ,博依特招聘,广州,揽月路105号保利中科广场B座4楼401,"['硬件开发', '嵌入式']",经验5-10年 ,硕士及以上 ,全职,蓝海行业，成长空间大，弹性上班不打卡,"
岗位职责：
1、负责公司边缘计算、大数据等工业互联网产品的规划和架构设计，
2、负责优化工业网关/网闸产品，进行边缘计算产品系统的功能定义，算法实现，FPGA的资源优化，
3、负责公司接口芯片的驱动逻辑，如AD/DA,PHY,SPI,I2C接口,485等，设计DDR、以太网、SRAM存储器以及相关控制逻辑的IPCore代码开发与调试，4、负责USB、DDR、Flash、Gigabit、PCIe、LVDS等接口时序的设计，完成模块与系统的时序仿真与测试验证。
岗位要求：
1、全日制硕士及以上学历，计算机、电子电路、微电子、自动化或相关专业，5年以上FPGA开发和系统调试经验，2、熟悉FPGA和硬件电路开发全过程，熟练使用Verilog或VHDL进行逻辑设计经验，精通 FPGA 的开发流程，对Altera、Xilinx等主流FPGA开发有丰富经验，3、熟练使用ModelSim，MATLAB进行仿真分析，熟练掌握Quartus或ISE开发工具，4、有工业、互联网、物联网等领域使用的交换机、小型机、服务器、网关等通信产品设计项目经验优先，5、熟悉互联网、物联网、工业大数据等前沿领域产品和技术动态，6、有良好的文档撰写习惯，英语良好，能够胜任专业文档撰写任务。
"
