,category1_name,category2_no,category2_name,category3_no,category3_name,href
1,技术,4O00,后端开发,0101,Java,https://www.lagou.com/zhaopin/Java/
2,技术,4O00,后端开发,0102,C++,https://www.lagou.com/zhaopin/C%2B%2B/
3,技术,4O00,后端开发,0103,PHP,https://www.lagou.com/zhaopin/PHP/
4,技术,4O00,后端开发,0104,数据挖掘,https://www.lagou.com/zhaopin/shujuwajue/
5,技术,4O00,后端开发,0105,搜索算法,https://www.lagou.com/zhaopin/sousuosuanfa/
6,技术,4O00,后端开发,0106,精准推荐,https://www.lagou.com/zhaopin/jingzhuntuijian/
7,技术,4O00,后端开发,0107,C,https://www.lagou.com/zhaopin/C/
8,技术,4O00,后端开发,0108,C#,https://www.lagou.com/zhaopin/C%23/
9,技术,4O00,后端开发,0109,全栈工程师,https://www.lagou.com/zhaopin/quanzhangongchengshi/
10,技术,4O00,后端开发,0110,.NET,https://www.lagou.com/zhaopin/.NET/
11,技术,4O00,后端开发,0111,Hadoop,https://www.lagou.com/zhaopin/Hadoop/
12,技术,4O00,后端开发,0112,Python,https://www.lagou.com/zhaopin/Python/
13,技术,4O00,后端开发,0113,Delphi,https://www.lagou.com/zhaopin/Delphi/
14,技术,4O00,后端开发,0114,VB,https://www.lagou.com/zhaopin/VB/
15,技术,4O00,后端开发,0115,Perl,https://www.lagou.com/zhaopin/Perl/
16,技术,4O00,后端开发,0116,Ruby,https://www.lagou.com/zhaopin/Ruby/
17,技术,4O00,后端开发,0117,Node.js,https://www.lagou.com/zhaopin/Node.js/
18,技术,4O00,后端开发,0118,Go,https://www.lagou.com/zhaopin/go/
19,技术,4O00,后端开发,0119,ASP,https://www.lagou.com/zhaopin/asp/
20,技术,4O00,后端开发,0120,Shell,https://www.lagou.com/zhaopin/shell/
21,技术,4O00,后端开发,0121,区块链,https://www.lagou.com/zhaopin/qukuailian/
22,技术,4O00,后端开发,0122,后端开发其它,https://www.lagou.com/zhaopin/houduankaifaqita/
23,技术,4O00,移动开发,0201,HTML5,https://www.lagou.com/zhaopin/HTML5/
24,技术,4O00,移动开发,0202,Android,https://www.lagou.com/zhaopin/Android/
25,技术,4O00,移动开发,0203,iOS,https://www.lagou.com/zhaopin/iOS/
26,技术,4O00,移动开发,0204,WP,https://www.lagou.com/zhaopin/WP/
27,技术,4O00,移动开发,0205,移动开发其它,https://www.lagou.com/zhaopin/yidongkaifaqita/
28,技术,4O00,前端开发,0301,web前端,https://www.lagou.com/zhaopin/webqianduan/
29,技术,4O00,前端开发,0302,Flash,https://www.lagou.com/zhaopin/Flash/
30,技术,4O00,前端开发,0303,html5,https://www.lagou.com/zhaopin/html51/
31,技术,4O00,前端开发,0304,JavaScript,https://www.lagou.com/zhaopin/JavaScript/
32,技术,4O00,前端开发,0305,U3D,https://www.lagou.com/zhaopin/U3D/
33,技术,4O00,前端开发,0306,COCOS2D-X,https://www.lagou.com/zhaopin/COCOS2D-X/
34,技术,4O00,前端开发,0307,前端开发其它,https://www.lagou.com/zhaopin/qianduankaifaqita/
35,技术,4O00,人工智能,0401,深度学习,https://www.lagou.com/zhaopin/shenduxuexi/
36,技术,4O00,人工智能,0402,机器学习,https://www.lagou.com/zhaopin/jiqixuexi/
37,技术,4O00,人工智能,0403,图像处理,https://www.lagou.com/zhaopin/tuxiangchuli/
38,技术,4O00,人工智能,0404,图像识别,https://www.lagou.com/zhaopin/tuxiangshibie/
39,技术,4O00,人工智能,0405,语音识别,https://www.lagou.com/zhaopin/yuyinshibie/
40,技术,4O00,人工智能,0406,机器视觉,https://www.lagou.com/zhaopin/jiqishijue/
41,技术,4O00,人工智能,0407,算法工程师,https://www.lagou.com/zhaopin/suanfagongchengshi/
42,技术,4O00,人工智能,0408,自然语言处理,https://www.lagou.com/zhaopin/ziranyuyanchuli/
43,技术,4O00,测试,0501,测试工程师,https://www.lagou.com/zhaopin/ceshigongchengshi/
44,技术,4O00,测试,0502,自动化测试,https://www.lagou.com/zhaopin/zidonghuaceshi/
45,技术,4O00,测试,0503,功能测试,https://www.lagou.com/zhaopin/gongnengceshi/
46,技术,4O00,测试,0504,性能测试,https://www.lagou.com/zhaopin/xingnengceshi/
47,技术,4O00,测试,0505,测试开发,https://www.lagou.com/zhaopin/ceshikaifa/
48,技术,4O00,测试,0506,游戏测试,https://www.lagou.com/zhaopin/youxiceshi/
49,技术,4O00,测试,0507,白盒测试,https://www.lagou.com/zhaopin/baiheceshi/
50,技术,4O00,测试,0508,灰盒测试,https://www.lagou.com/zhaopin/huiheceshi/
51,技术,4O00,测试,0509,黑盒测试,https://www.lagou.com/zhaopin/heiheceshi/
52,技术,4O00,测试,0510,手机测试,https://www.lagou.com/zhaopin/shoujiceshi/
53,技术,4O00,测试,0511,硬件测试,https://www.lagou.com/zhaopin/yingjianceshi/
54,技术,4O00,测试,0512,测试经理,https://www.lagou.com/zhaopin/ceshijingli2/
55,技术,4O00,测试,0513,测试其它,https://www.lagou.com/zhaopin/ceshiqita/
56,技术,4O00,运维,0601,运维工程师,https://www.lagou.com/zhaopin/yunweigongchengshi/
57,技术,4O00,运维,0602,运维开发工程师,https://www.lagou.com/zhaopin/yunweikaifagongchengshi/
58,技术,4O00,运维,0603,网络工程师,https://www.lagou.com/zhaopin/wangluogongchengshi/
59,技术,4O00,运维,0604,系统工程师,https://www.lagou.com/zhaopin/xitonggongchengshi/
60,技术,4O00,运维,0605,IT支持,https://www.lagou.com/zhaopin/ITzhichi/
61,技术,4O00,运维,0606,IDC,https://www.lagou.com/zhaopin/idc/
62,技术,4O00,运维,0607,CDN,https://www.lagou.com/zhaopin/cdn/
63,技术,4O00,运维,0608,F5,https://www.lagou.com/zhaopin/f5/
64,技术,4O00,运维,0609,系统管理员,https://www.lagou.com/zhaopin/xitongguanliyuan/
65,技术,4O00,运维,0610,病毒分析,https://www.lagou.com/zhaopin/bingdufenxi/
66,技术,4O00,运维,0611,WEB安全,https://www.lagou.com/zhaopin/webanquan/
67,技术,4O00,运维,0612,网络安全,https://www.lagou.com/zhaopin/wangluoanquan/
68,技术,4O00,运维,0613,系统安全,https://www.lagou.com/zhaopin/xitonganquan/
69,技术,4O00,运维,0614,运维经理,https://www.lagou.com/zhaopin/yunweijingli/
70,技术,4O00,运维,0615,运维其它,https://www.lagou.com/zhaopin/yunweiqita/
71,技术,4O00,DBA,0701,MySQL,https://www.lagou.com/zhaopin/MySQL/
72,技术,4O00,DBA,0702,SQLServer,https://www.lagou.com/zhaopin/SQLServer/
73,技术,4O00,DBA,0703,Oracle,https://www.lagou.com/zhaopin/Oracle/
74,技术,4O00,DBA,0704,DB2,https://www.lagou.com/zhaopin/DB2/
75,技术,4O00,DBA,0705,MongoDB,https://www.lagou.com/zhaopin/MongoDB/
76,技术,4O00,DBA,0706,ETL,https://www.lagou.com/zhaopin/etl/
77,技术,4O00,DBA,0707,Hive,https://www.lagou.com/zhaopin/hive/
78,技术,4O00,DBA,0708,数据仓库,https://www.lagou.com/zhaopin/shujucangku/
79,技术,4O00,DBA,0709,DBA其它,https://www.lagou.com/zhaopin/dbaqita/
80,技术,4O00,高端职位,0801,技术经理,https://www.lagou.com/zhaopin/jishujingli/
81,技术,4O00,高端职位,0802,技术总监,https://www.lagou.com/zhaopin/jishuzongjian/
82,技术,4O00,高端职位,0803,架构师,https://www.lagou.com/zhaopin/jiagoushi/
83,技术,4O00,高端职位,0804,CTO,https://www.lagou.com/zhaopin/CTO/
84,技术,4O00,高端职位,0805,运维总监,https://www.lagou.com/zhaopin/yunweizongjian/
85,技术,4O00,高端职位,0806,技术合伙人,https://www.lagou.com/zhaopin/jishuhehuoren/
86,技术,4O00,高端职位,0807,项目总监,https://www.lagou.com/zhaopin/xiangmuzongjian/
87,技术,4O00,高端职位,0808,测试总监,https://www.lagou.com/zhaopin/ceshizongjian/
88,技术,4O00,高端职位,0809,安全专家,https://www.lagou.com/zhaopin/anquanzhuanjia/
89,技术,4O00,高端职位,0810,高端技术职位其它,https://www.lagou.com/zhaopin/gaoduanjishuzhiweiqita/
90,技术,4O00,项目管理,0901,项目经理,https://www.lagou.com/zhaopin/xiangmujingli/
91,技术,4O00,项目管理,0902,项目助理,https://www.lagou.com/zhaopin/xiangmuzhuli/
92,技术,4O00,硬件开发,1001,硬件,https://www.lagou.com/zhaopin/yingjian/
93,技术,4O00,硬件开发,1002,嵌入式,https://www.lagou.com/zhaopin/qianrushi/
94,技术,4O00,硬件开发,1003,自动化,https://www.lagou.com/zhaopin/zidonghua/
95,技术,4O00,硬件开发,1004,单片机,https://www.lagou.com/zhaopin/danpianji/
96,技术,4O00,硬件开发,1005,电路设计,https://www.lagou.com/zhaopin/dianlusheji/
97,技术,4O00,硬件开发,1006,驱动开发,https://www.lagou.com/zhaopin/qudongkaifa/
98,技术,4O00,硬件开发,1007,系统集成,https://www.lagou.com/zhaopin/xitongjicheng/
99,技术,4O00,硬件开发,1008,FPGA开发,https://www.lagou.com/zhaopin/fpgakaifa/
100,技术,4O00,硬件开发,1009,DSP开发,https://www.lagou.com/zhaopin/dspkaifa/
101,技术,4O00,硬件开发,1010,ARM开发,https://www.lagou.com/zhaopin/armkaifa/
102,技术,4O00,硬件开发,1011,PCB工艺,https://www.lagou.com/zhaopin/pcbgongyi/
103,技术,4O00,硬件开发,1012,模具设计,https://www.lagou.com/zhaopin/mujusheji/
104,技术,4O00,硬件开发,1013,热传导,https://www.lagou.com/zhaopin/rechuandao/
105,技术,4O00,硬件开发,1014,材料工程师,https://www.lagou.com/zhaopin/cailiaogongchengshi/
106,技术,4O00,硬件开发,1015,精益工程师,https://www.lagou.com/zhaopin/jingyigongchengshi/
107,技术,4O00,硬件开发,1016,射频工程师,https://www.lagou.com/zhaopin/shepingongchengshi/
108,技术,4O00,硬件开发,1017,硬件开发其它,https://www.lagou.com/zhaopin/yingjiankaifaqita/
109,技术,4O00,企业软件,1101,实施工程师,https://www.lagou.com/zhaopin/shishigongchengshi/
110,技术,4O00,企业软件,1102,售前工程师,https://www.lagou.com/zhaopin/shouqiangongchengshi/
111,技术,4O00,企业软件,1103,售后工程师,https://www.lagou.com/zhaopin/shouhougongchengshi/
112,技术,4O00,企业软件,1104,BI工程师,https://www.lagou.com/zhaopin/bigongchengshi/
113,技术,4O00,企业软件,1105,企业软件其它,https://www.lagou.com/zhaopin/qiyeruanjianqita/
114,产品,4P00,产品经理,0101,产品经理,https://www.lagou.com/zhaopin/chanpinjingli1/
115,产品,4P00,产品经理,0102,网页产品经理,https://www.lagou.com/zhaopin/wangyechanpinjingli/
116,产品,4P00,产品经理,0103,移动产品经理,https://www.lagou.com/zhaopin/yidongchanpinjingli/
117,产品,4P00,产品经理,0104,产品助理,https://www.lagou.com/zhaopin/chanpinzhuli/
118,产品,4P00,产品经理,0105,数据产品经理,https://www.lagou.com/zhaopin/shujuchanpinjingli/
119,产品,4P00,产品经理,0106,电商产品经理,https://www.lagou.com/zhaopin/dianshangchanpinjingli/
120,产品,4P00,产品经理,0107,游戏策划,https://www.lagou.com/zhaopin/youxicehua/
121,产品,4P00,产品经理,0108,产品实习生,https://www.lagou.com/zhaopin/chanpinshixisheng/
122,产品,4P00,产品设计师,0201,网页产品设计师,https://www.lagou.com/zhaopin/wangyechanpinshejishi/
123,产品,4P00,产品设计师,0202,无线产品设计师,https://www.lagou.com/zhaopin/wuxianchanpinshejishi/
124,产品,4P00,高端职位,0301,产品部经理,https://www.lagou.com/zhaopin/chanpinbujingli/
125,产品,4P00,高端职位,0302,产品总监,https://www.lagou.com/zhaopin/chanpinzongjian/
126,产品,4P00,高端职位,0303,游戏制作人,https://www.lagou.com/zhaopin/youxizhizuoren/
127,设计,4Q00,视觉设计,0101,视觉设计师,https://www.lagou.com/zhaopin/shijueshejishi/
128,设计,4Q00,视觉设计,0102,网页设计师,https://www.lagou.com/zhaopin/wangyeshejishi/
129,设计,4Q00,视觉设计,0103,Flash设计师,https://www.lagou.com/zhaopin/Flashshejishi/
130,设计,4Q00,视觉设计,0104,APP设计师,https://www.lagou.com/zhaopin/APPshejishi/
131,设计,4Q00,视觉设计,0105,UI设计师,https://www.lagou.com/zhaopin/UIshejishi/
132,设计,4Q00,视觉设计,0106,平面设计师,https://www.lagou.com/zhaopin/pingmianshejishi/
133,设计,4Q00,视觉设计,0107,美术设计师（2D/3D）,https://www.lagou.com/zhaopin/meishushejishi%EF%BC%882D3D%EF%BC%89/
134,设计,4Q00,视觉设计,0108,广告设计师,https://www.lagou.com/zhaopin/guanggaoshejishi/
135,设计,4Q00,视觉设计,0109,多媒体设计师,https://www.lagou.com/zhaopin/duomeitishejishi/
136,设计,4Q00,视觉设计,0110,原画师,https://www.lagou.com/zhaopin/yuanhuashi/
137,设计,4Q00,视觉设计,0111,游戏特效,https://www.lagou.com/zhaopin/youxitexiao/
138,设计,4Q00,视觉设计,0112,游戏界面设计师,https://www.lagou.com/zhaopin/youxijiemianshejishi/
139,设计,4Q00,视觉设计,0113,游戏场景,https://www.lagou.com/zhaopin/youxichangjing/
140,设计,4Q00,视觉设计,0114,游戏角色,https://www.lagou.com/zhaopin/youxijiaose/
141,设计,4Q00,视觉设计,0115,游戏动作,https://www.lagou.com/zhaopin/youxidongzuo/
142,设计,4Q00,交互设计,0201,交互设计师,https://www.lagou.com/zhaopin/jiaohushejishi1/
143,设计,4Q00,交互设计,0202,无线交互设计师,https://www.lagou.com/zhaopin/wuxianjiaohushejishi/
144,设计,4Q00,交互设计,0203,网页交互设计师,https://www.lagou.com/zhaopin/wangyejiaohushejishi/
145,设计,4Q00,交互设计,0204,硬件交互设计师,https://www.lagou.com/zhaopin/yingjianjiaohushejishi/
146,设计,4Q00,用户研究,0301,数据分析师,https://www.lagou.com/zhaopin/shujufenxishi/
147,设计,4Q00,用户研究,0302,用户研究员,https://www.lagou.com/zhaopin/yonghuyanjiuyuan/
148,设计,4Q00,用户研究,0303,游戏数值策划,https://www.lagou.com/zhaopin/youxishuzhicehua/
149,设计,4Q00,高端职位,0401,设计经理/主管,https://www.lagou.com/zhaopin/shejijinglizhuguan/
150,设计,4Q00,高端职位,0402,设计总监,https://www.lagou.com/zhaopin/shejizongjian/
151,设计,4Q00,高端职位,0403,视觉设计经理/主管,https://www.lagou.com/zhaopin/shijueshejijinglizhuguan/
152,设计,4Q00,高端职位,0404,视觉设计总监,https://www.lagou.com/zhaopin/shijueshejizongjian/
153,设计,4Q00,高端职位,0405,交互设计经理/主管,https://www.lagou.com/zhaopin/jiaohushejijinglizhuguan/
154,设计,4Q00,高端职位,0406,交互设计总监,https://www.lagou.com/zhaopin/jiaohushejizongjian/
155,设计,4Q00,高端职位,0407,用户研究经理/主管,https://www.lagou.com/zhaopin/yonghuyanjiujinglizhuguan/
156,设计,4Q00,高端职位,0408,用户研究总监,https://www.lagou.com/zhaopin/yonghuyanjiuzongjian/
157,运营,4R00,运营,0101,用户运营,https://www.lagou.com/zhaopin/yonghuyunying/
158,运营,4R00,运营,0102,产品运营,https://www.lagou.com/zhaopin/chanpinyunying/
159,运营,4R00,运营,0103,数据运营,https://www.lagou.com/zhaopin/shujuyunying/
160,运营,4R00,运营,0104,内容运营,https://www.lagou.com/zhaopin/neirongyunying/
161,运营,4R00,运营,0105,活动运营,https://www.lagou.com/zhaopin/huodongyunying/
162,运营,4R00,运营,0106,商家运营,https://www.lagou.com/zhaopin/shangjiayunying/
163,运营,4R00,运营,0107,品类运营,https://www.lagou.com/zhaopin/pinleiyunying/
164,运营,4R00,运营,0108,游戏运营,https://www.lagou.com/zhaopin/youxiyunying/
165,运营,4R00,运营,0109,网络推广,https://www.lagou.com/zhaopin/wangluotuiguang/
166,运营,4R00,运营,0110,运营专员,https://www.lagou.com/zhaopin/yunyingzhuanyuan/
167,运营,4R00,运营,0111,网店运营,https://www.lagou.com/zhaopin/wangdianyunying/
168,运营,4R00,运营,0112,新媒体运营,https://www.lagou.com/zhaopin/xinmeitiyunying/
169,运营,4R00,运营,0113,海外运营,https://www.lagou.com/zhaopin/haiwaiyunying/
170,运营,4R00,运营,0114,运营经理,https://www.lagou.com/zhaopin/yunyingjingli/
171,运营,4R00,编辑,0201,副主编,https://www.lagou.com/zhaopin/fuzhubian/
172,运营,4R00,编辑,0202,内容编辑,https://www.lagou.com/zhaopin/neirongbianji/
173,运营,4R00,编辑,0203,文案策划,https://www.lagou.com/zhaopin/wenancehua/
174,运营,4R00,编辑,0204,记者,https://www.lagou.com/zhaopin/jizhe/
175,运营,4R00,客服,0301,售前咨询,https://www.lagou.com/zhaopin/shouqianzixun/
176,运营,4R00,客服,0302,售后客服,https://www.lagou.com/zhaopin/shouhoukefu/
177,运营,4R00,客服,0303,淘宝客服,https://www.lagou.com/zhaopin/taobaokefu/
178,运营,4R00,客服,0304,客服经理,https://www.lagou.com/zhaopin/kefujingli/
179,运营,4R00,高端职位,0401,主编,https://www.lagou.com/zhaopin/zhubian/
180,运营,4R00,高端职位,0402,运营总监,https://www.lagou.com/zhaopin/yunyingzongjian/
181,运营,4R00,高端职位,0403,COO,https://www.lagou.com/zhaopin/COO/
182,运营,4R00,高端职位,0404,客服总监,https://www.lagou.com/zhaopin/kefuzongjian/
183,市场,1k5g,市场/营销,0101,市场营销,https://www.lagou.com/zhaopin/shichangshichangyingxiao1/
184,市场,1k5g,市场/营销,0102,市场策划,https://www.lagou.com/zhaopin/shichangcehua1/
185,市场,1k5g,市场/营销,0103,市场顾问,https://www.lagou.com/zhaopin/shichangguwen1/
186,市场,1k5g,市场/营销,0104,商务渠道,https://www.lagou.com/zhaopin/shangwuqudao2/
187,市场,1k5g,市场/营销,0105,商业数据分析,https://www.lagou.com/zhaopin/shangyeshjufenxi/
188,市场,1k5g,市场/营销,0106,活动策划,https://www.lagou.com/zhaopin/huodongcehua1/
189,市场,1k5g,市场/营销,0107,网络营销,https://www.lagou.com/zhaopin/wangluoyingxiao1/
190,市场,1k5g,市场/营销,0108,海外市场,https://www.lagou.com/zhaopin/haiwaishichang1/
191,市场,1k5g,市场/营销,0109,商务专员,https://www.lagou.com/zhaopin/shangwuzhuanyuan/
192,市场,1k5g,媒介/公关,0201,政府关系,https://www.lagou.com/zhaopin/zhengfuguanxi1/
193,市场,1k5g,媒介/公关,0202,品牌公关,https://www.lagou.com/zhaopin/pinpaigongguan1/
194,市场,1k5g,媒介/公关,0203,广告协调,https://www.lagou.com/zhaopin/guanggaoxietiao/
195,市场,1k5g,媒介/公关,0204,媒介投放,https://www.lagou.com/zhaopin/meijietoufang/
196,市场,1k5g,媒介/公关,0205,媒介合作,https://www.lagou.com/zhaopin/meijiehezuo/
197,市场,1k5g,媒介/公关,0206,媒介顾问,https://www.lagou.com/zhaopin/meijieguwen/
198,市场,1k5g,品牌/广告,0301,广告创意,https://www.lagou.com/zhaopin/guanggaochuangyi/
199,市场,1k5g,品牌/广告,0302,广告制作,https://www.lagou.com/zhaopin/guanggaozhizuo/
200,市场,1k5g,品牌/广告,0303,广告文案,https://www.lagou.com/zhaopin/guanggaowenan/
201,市场,1k5g,品牌/广告,0304,广告投放,https://www.lagou.com/zhaopin/guanggaotoufang/
202,市场,1k5g,品牌/广告,0305,广告定价,https://www.lagou.com/zhaopin/guanggaodingwei/
203,市场,1k5g,品牌/广告,0306,广告专员,https://www.lagou.com/zhaopin/guanggaozhuanyuan/
204,市场,1k5g,品牌/广告,0307,品牌合作,https://www.lagou.com/zhaopin/pinpaihezuo/
205,市场,1k5g,品牌/广告,0308,品牌策划,https://www.lagou.com/zhaopin/pinpaicehua/
206,市场,1k5g,品牌/广告,0309,品牌专员,https://www.lagou.com/zhaopin/pinpaizhuanyuan/
207,市场,1k5g,品牌/广告,0310,美术指导,https://www.lagou.com/zhaopin/meishuzhidao/
208,市场,1k5g,渠道/推广,0401,市场推广,https://www.lagou.com/zhaopin/shichangtuiguang1/
209,市场,1k5g,渠道/推广,0402,渠道推广,https://www.lagou.com/zhaopin/qudaotuiguang1/
210,市场,1k5g,渠道/推广,0403,SEO,https://www.lagou.com/zhaopin/SEO1/
211,市场,1k5g,渠道/推广,0404,SEM,https://www.lagou.com/zhaopin/SEM1/
212,市场,1k5g,高端职位,0501,策划经理,https://www.lagou.com/zhaopin/cehuajingli/
213,市场,1k5g,高端职位,0502,媒介经理,https://www.lagou.com/zhaopin/meijiejingli1/
214,市场,1k5g,高端职位,0503,市场总监,https://www.lagou.com/zhaopin/shichangzongjian1/
215,市场,1k5g,高端职位,0504,公关总监,https://www.lagou.com/zhaopin/gongguanzoongjian/
216,市场,1k5g,高端职位,0505,媒介总监,https://www.lagou.com/zhaopin/meijiezongjian/
217,市场,1k5g,高端职位,0506,创意总监,https://www.lagou.com/zhaopin/chuangyizongjian/
218,销售,1k5h,销售,0101,销售专员,https://www.lagou.com/zhaopin/xiaoshouzhuanyuan1/
219,销售,1k5h,销售,0102,销售顾问,https://www.lagou.com/zhaopin/xiaoshouguwen1/
220,销售,1k5h,销售,0103,销售经理,https://www.lagou.com/zhaopin/xiaoshoujingli1/
221,销售,1k5h,销售,0104,客户代表,https://www.lagou.com/zhaopin/xiaoshoukehudaibiao/
222,销售,1k5h,销售,0105,大客户代表,https://www.lagou.com/zhaopin/xiaoshoudakehudaibiao/
223,销售,1k5h,销售,0106,客户经理,https://www.lagou.com/zhaopin/kehujingli/
224,销售,1k5h,销售,0107,商务拓展,https://www.lagou.com/zhaopin/shangwutuozhan/
225,销售,1k5h,销售,0108,渠道销售 ,https://www.lagou.com/zhaopin/xiaoshouqudaoxiaoshou/
226,销售,1k5h,销售,0109,代理商销售,https://www.lagou.com/zhaopin/xiaoshoudailishangxiaoshou/
227,销售,1k5h,销售,0110,电话销售,https://www.lagou.com/zhaopin/xiaoshoudianhuaxiaoshou/
228,销售,1k5h,销售,0111,广告销售,https://www.lagou.com/zhaopin/guanggaoxiaoshou/
229,销售,1k5h,销售,0112,信用卡销售,https://www.lagou.com/zhaopin/xinyongkaxiaoshou/
230,销售,1k5h,销售,0113,保险销售,https://www.lagou.com/zhaopin/baoxianxiaoshou/
231,销售,1k5h,销售,0114,销售工程师,https://www.lagou.com/zhaopin/xiaoshougongchengshi/
232,销售,1k5h,销售,0115,商务渠道,https://www.lagou.com/zhaopin/xiaoshoushangwuqudao/
233,销售,1k5h,销售,0116,其他销售,https://www.lagou.com/zhaopin/qitaxiaoshou/
234,销售,1k5h,销售管理,0201,销售总监,https://www.lagou.com/zhaopin/xiaoshouzongjian1/
235,销售,1k5h,销售管理,0202,商务总监,https://www.lagou.com/zhaopin/xiaoshoushangwuzongjian/
236,销售,1k5h,销售管理,0203,区域总监,https://www.lagou.com/zhaopin/quyuzongjian/
237,销售,1k5h,销售管理,0204,城市经理,https://www.lagou.com/zhaopin/chengshijingli/
238,销售,1k5h,销售管理,0205,团队经理,https://www.lagou.com/zhaopin/tuanduijingli/
239,销售,1k5h,销售管理,0206,销售VP,https://www.lagou.com/zhaopin/xiaoshouvp/
240,销售,1k5h,销售管理,0207,商务主管,https://www.lagou.com/zhaopin/shangwuzhuguan/
241,销售,1k5h,销售管理,0208,其他销售管理职位,https://www.lagou.com/zhaopin/qitaxiaoshouguanligangwei/
242,职能,4T00,人力资源,0101,人力资源,https://www.lagou.com/zhaopin/renliziyuan1/
243,职能,4T00,人力资源,0102,招聘,https://www.lagou.com/zhaopin/zhaopin/
244,职能,4T00,人力资源,0103,HRBP,https://www.lagou.com/zhaopin/HRBP/
245,职能,4T00,人力资源,0104,人事/HR,https://www.lagou.com/zhaopin/renshiHR/
246,职能,4T00,人力资源,0105,培训经理,https://www.lagou.com/zhaopin/peixunjingli/
247,职能,4T00,人力资源,0106,薪资福利经理,https://www.lagou.com/zhaopin/xinzifulijingli/
248,职能,4T00,人力资源,0107,绩效考核经理,https://www.lagou.com/zhaopin/jixiaokaohejingli/
249,职能,4T00,人力资源,0108,员工关系,https://www.lagou.com/zhaopin/yuangongguanxi/
250,职能,4T00,行政,0201,助理,https://www.lagou.com/zhaopin/zhuli/
251,职能,4T00,行政,0202,前台,https://www.lagou.com/zhaopin/qiantai/
252,职能,4T00,行政,0203,行政,https://www.lagou.com/zhaopin/xingzheng1/
253,职能,4T00,行政,0204,总助,https://www.lagou.com/zhaopin/zongzhu/
254,职能,4T00,行政,0205,文秘,https://www.lagou.com/zhaopin/wenmi/
255,职能,4T00,财务,0301,会计,https://www.lagou.com/zhaopin/kuaiji/
256,职能,4T00,财务,0302,出纳,https://www.lagou.com/zhaopin/chuna/
257,职能,4T00,财务,0303,财务,https://www.lagou.com/zhaopin/caiwu1/
258,职能,4T00,财务,0304,结算,https://www.lagou.com/zhaopin/jiesuan/
259,职能,4T00,财务,0305,税务,https://www.lagou.com/zhaopin/shuiwu/
260,职能,4T00,财务,0306,审计,https://www.lagou.com/zhaopin/shenji/
261,职能,4T00,财务,0307,风控,https://www.lagou.com/zhaopin/fengkong/
262,职能,4T00,法务,0401,法务,https://www.lagou.com/zhaopin/fawu2/
263,职能,4T00,法务,0402,律师,https://www.lagou.com/zhaopin/lvshi/
264,职能,4T00,法务,0403,专利,https://www.lagou.com/zhaopin/zhuanli/
265,职能,4T00,高端职位,0501,行政总监/经理,https://www.lagou.com/zhaopin/xingzhengzongjianjingli/
266,职能,4T00,高端职位,0502,财务总监/经理,https://www.lagou.com/zhaopin/caiwuzongjianjingli/
267,职能,4T00,高端职位,0503,HRD/HRM,https://www.lagou.com/zhaopin/HRDHRM/
268,职能,4T00,高端职位,0504,CFO,https://www.lagou.com/zhaopin/CFO/
269,职能,4T00,高端职位,0505,CEO,https://www.lagou.com/zhaopin/ceo/
270,游戏,1k5i,技术开发,0101,H5游戏开发,https://www.lagou.com/zhaopin/H5youxikaifa/
271,游戏,1k5i,技术开发,0102,小游戏开发,https://www.lagou.com/zhaopin/xiaoyouxikaifa/
272,游戏,1k5i,技术开发,0103,游戏后端开发,https://www.lagou.com/zhaopin/youxihouduankaifa/
273,游戏,1k5i,技术开发,0104,C++游戏开发,https://www.lagou.com/zhaopin/C%2B%2Byouxikaifa/
274,游戏,1k5i,技术开发,0105,FLASH,https://www.lagou.com/zhaopin/youxiflash/
275,游戏,1k5i,技术开发,0106,COCOS2D-X,https://www.lagou.com/zhaopin/COCOS2D-X1/
276,游戏,1k5i,技术开发,0107,U3D,https://www.lagou.com/zhaopin/youxiU3D/
277,游戏,1k5i,技术开发,0108,游戏测试,https://www.lagou.com/zhaopin/youxiyouxiceshi/
278,游戏,1k5i,产品策划,0201,游戏制作人,https://www.lagou.com/zhaopin/youxizhipianren/
279,游戏,1k5i,产品策划,0202,游戏产品经理,https://www.lagou.com/zhaopin/youxichanpinjingli/
280,游戏,1k5i,产品策划,0203,游戏项目经理,https://www.lagou.com/zhaopin/youxixiangmujingli/
281,游戏,1k5i,产品策划,0204,游戏策划,https://www.lagou.com/zhaopin/youxiyouxicehua/
282,游戏,1k5i,产品策划,0205,剧情设计,https://www.lagou.com/zhaopin/juqingsheji/
283,游戏,1k5i,产品策划,0206,游戏文案,https://www.lagou.com/zhaopin/youxiwenan/
284,游戏,1k5i,设计,0301,游戏动画,https://www.lagou.com/zhaopin/youxidonghua/
285,游戏,1k5i,设计,0302,游戏原画,https://www.lagou.com/zhaopin/youxiyuanhua/
286,游戏,1k5i,设计,0303,游戏界面,https://www.lagou.com/zhaopin/youxijiemian/
287,游戏,1k5i,设计,0304,游戏场景,https://www.lagou.com/zhaopin/youxichangjing1/
288,游戏,1k5i,设计,0305,游戏角色,https://www.lagou.com/zhaopin/youxijuese/
289,游戏,1k5i,设计,0306,游戏动作,https://www.lagou.com/zhaopin/youxidongzuo1/
290,游戏,1k5i,设计,0307,游戏动效,https://www.lagou.com/zhaopin/youxidongxiao/
291,游戏,1k5i,设计,0308,游戏美工,https://www.lagou.com/zhaopin/youximeigong/
292,游戏,1k5i,运营/推广,0401,游戏运营,https://www.lagou.com/zhaopin/youxiyunying1/
293,游戏,1k5i,运营/推广,0402,游戏编辑,https://www.lagou.com/zhaopin/youxibianji/
294,游戏,1k5i,运营/推广,0403,游戏推广,https://www.lagou.com/zhaopin/youxituiguang/
295,游戏,1k5i,运营/推广,0404,手游推广,https://www.lagou.com/zhaopin/shouyoutuiguang/
296,游戏,1k5i,运营/推广,0405,页游推广,https://www.lagou.com/zhaopin/yeyoutuiguang/
297,游戏,1k5i,其他,0501,游戏主播,https://www.lagou.com/zhaopin/youxizhuobo/
298,游戏,1k5i,其他,0502,游戏陪练,https://www.lagou.com/zhaopin/youxipeilian/
299,游戏,1k5i,其他,0503,游戏体验,https://www.lagou.com/zhaopin/youxitiyan/
300,游戏,1k5i,其他,0504,电竞主持,https://www.lagou.com/zhaopin/dianjingzhuchi/
301,游戏,1k5i,其他,0505,电竞讲师,https://www.lagou.com/zhaopin/dianjingjiangshi/
