,catg_no,category2_no,category1_name,category2_name,category3_no,category3_name,href
10101,1,4O00,技术,后端开发,0101,Java,https://www.lagou.com/zhaopin/Java/
10102,1,4O00,技术,后端开发,0102,C++,https://www.lagou.com/zhaopin/C%2B%2B/
10103,1,4O00,技术,后端开发,0103,PHP,https://www.lagou.com/zhaopin/PHP/
10104,1,4O00,技术,后端开发,0104,数据挖掘,https://www.lagou.com/zhaopin/shujuwajue/
10105,1,4O00,技术,后端开发,0105,搜索算法,https://www.lagou.com/zhaopin/sousuosuanfa/
10106,1,4O00,技术,后端开发,0106,精准推荐,https://www.lagou.com/zhaopin/jingzhuntuijian/
10107,1,4O00,技术,后端开发,0107,C,https://www.lagou.com/zhaopin/C/
10108,1,4O00,技术,后端开发,0108,C#,https://www.lagou.com/zhaopin/C%23/
10109,1,4O00,技术,后端开发,0109,全栈工程师,https://www.lagou.com/zhaopin/quanzhangongchengshi/
10110,1,4O00,技术,后端开发,0110,.NET,https://www.lagou.com/zhaopin/.NET/
10111,1,4O00,技术,后端开发,0111,Hadoop,https://www.lagou.com/zhaopin/Hadoop/
10112,1,4O00,技术,后端开发,0112,Python,https://www.lagou.com/zhaopin/Python/
10113,1,4O00,技术,后端开发,0113,Delphi,https://www.lagou.com/zhaopin/Delphi/
10114,1,4O00,技术,后端开发,0114,VB,https://www.lagou.com/zhaopin/VB/
10115,1,4O00,技术,后端开发,0115,Perl,https://www.lagou.com/zhaopin/Perl/
10116,1,4O00,技术,后端开发,0116,Ruby,https://www.lagou.com/zhaopin/Ruby/
10117,1,4O00,技术,后端开发,0117,Node.js,https://www.lagou.com/zhaopin/Node.js/
10118,1,4O00,技术,后端开发,0118,Go,https://www.lagou.com/zhaopin/go/
10119,1,4O00,技术,后端开发,0119,ASP,https://www.lagou.com/zhaopin/asp/
10120,1,4O00,技术,后端开发,0120,Shell,https://www.lagou.com/zhaopin/shell/
10121,1,4O00,技术,后端开发,0121,区块链,https://www.lagou.com/zhaopin/qukuailian/
10122,1,4O00,技术,后端开发,0122,后端开发其它,https://www.lagou.com/zhaopin/houduankaifaqita/
10201,1,4O00,技术,移动开发,0201,HTML5,https://www.lagou.com/zhaopin/HTML5/
10202,1,4O00,技术,移动开发,0202,Android,https://www.lagou.com/zhaopin/Android/
10203,1,4O00,技术,移动开发,0203,iOS,https://www.lagou.com/zhaopin/iOS/
10204,1,4O00,技术,移动开发,0204,WP,https://www.lagou.com/zhaopin/WP/
10205,1,4O00,技术,移动开发,0205,移动开发其它,https://www.lagou.com/zhaopin/yidongkaifaqita/
10301,1,4O00,技术,前端开发,0301,web前端,https://www.lagou.com/zhaopin/webqianduan/
10302,1,4O00,技术,前端开发,0302,Flash,https://www.lagou.com/zhaopin/Flash/
10303,1,4O00,技术,前端开发,0303,html5,https://www.lagou.com/zhaopin/html51/
10304,1,4O00,技术,前端开发,0304,JavaScript,https://www.lagou.com/zhaopin/JavaScript/
10305,1,4O00,技术,前端开发,0305,U3D,https://www.lagou.com/zhaopin/U3D/
10306,1,4O00,技术,前端开发,0306,COCOS2D-X,https://www.lagou.com/zhaopin/COCOS2D-X/
10307,1,4O00,技术,前端开发,0307,前端开发其它,https://www.lagou.com/zhaopin/qianduankaifaqita/
10401,1,4O00,技术,人工智能,0401,深度学习,https://www.lagou.com/zhaopin/shenduxuexi/
10402,1,4O00,技术,人工智能,0402,机器学习,https://www.lagou.com/zhaopin/jiqixuexi/
10403,1,4O00,技术,人工智能,0403,图像处理,https://www.lagou.com/zhaopin/tuxiangchuli/
10404,1,4O00,技术,人工智能,0404,图像识别,https://www.lagou.com/zhaopin/tuxiangshibie/
10405,1,4O00,技术,人工智能,0405,语音识别,https://www.lagou.com/zhaopin/yuyinshibie/
10406,1,4O00,技术,人工智能,0406,机器视觉,https://www.lagou.com/zhaopin/jiqishijue/
10407,1,4O00,技术,人工智能,0407,算法工程师,https://www.lagou.com/zhaopin/suanfagongchengshi/
10408,1,4O00,技术,人工智能,0408,自然语言处理,https://www.lagou.com/zhaopin/ziranyuyanchuli/
10501,1,4O00,技术,测试,0501,测试工程师,https://www.lagou.com/zhaopin/ceshigongchengshi/
10502,1,4O00,技术,测试,0502,自动化测试,https://www.lagou.com/zhaopin/zidonghuaceshi/
10503,1,4O00,技术,测试,0503,功能测试,https://www.lagou.com/zhaopin/gongnengceshi/
10504,1,4O00,技术,测试,0504,性能测试,https://www.lagou.com/zhaopin/xingnengceshi/
10505,1,4O00,技术,测试,0505,测试开发,https://www.lagou.com/zhaopin/ceshikaifa/
10506,1,4O00,技术,测试,0506,游戏测试,https://www.lagou.com/zhaopin/youxiceshi/
10507,1,4O00,技术,测试,0507,白盒测试,https://www.lagou.com/zhaopin/baiheceshi/
10508,1,4O00,技术,测试,0508,灰盒测试,https://www.lagou.com/zhaopin/huiheceshi/
10509,1,4O00,技术,测试,0509,黑盒测试,https://www.lagou.com/zhaopin/heiheceshi/
10510,1,4O00,技术,测试,0510,手机测试,https://www.lagou.com/zhaopin/shoujiceshi/
10511,1,4O00,技术,测试,0511,硬件测试,https://www.lagou.com/zhaopin/yingjianceshi/
10512,1,4O00,技术,测试,0512,测试经理,https://www.lagou.com/zhaopin/ceshijingli2/
10513,1,4O00,技术,测试,0513,测试其它,https://www.lagou.com/zhaopin/ceshiqita/
10601,1,4O00,技术,运维,0601,运维工程师,https://www.lagou.com/zhaopin/yunweigongchengshi/
10602,1,4O00,技术,运维,0602,运维开发工程师,https://www.lagou.com/zhaopin/yunweikaifagongchengshi/
10603,1,4O00,技术,运维,0603,网络工程师,https://www.lagou.com/zhaopin/wangluogongchengshi/
10604,1,4O00,技术,运维,0604,系统工程师,https://www.lagou.com/zhaopin/xitonggongchengshi/
10605,1,4O00,技术,运维,0605,IT支持,https://www.lagou.com/zhaopin/ITzhichi/
10606,1,4O00,技术,运维,0606,IDC,https://www.lagou.com/zhaopin/idc/
10607,1,4O00,技术,运维,0607,CDN,https://www.lagou.com/zhaopin/cdn/
10608,1,4O00,技术,运维,0608,F5,https://www.lagou.com/zhaopin/f5/
10609,1,4O00,技术,运维,0609,系统管理员,https://www.lagou.com/zhaopin/xitongguanliyuan/
10610,1,4O00,技术,运维,0610,病毒分析,https://www.lagou.com/zhaopin/bingdufenxi/
10611,1,4O00,技术,运维,0611,WEB安全,https://www.lagou.com/zhaopin/webanquan/
10612,1,4O00,技术,运维,0612,网络安全,https://www.lagou.com/zhaopin/wangluoanquan/
10613,1,4O00,技术,运维,0613,系统安全,https://www.lagou.com/zhaopin/xitonganquan/
10614,1,4O00,技术,运维,0614,运维经理,https://www.lagou.com/zhaopin/yunweijingli/
10615,1,4O00,技术,运维,0615,运维其它,https://www.lagou.com/zhaopin/yunweiqita/
10701,1,4O00,技术,DBA,0701,MySQL,https://www.lagou.com/zhaopin/MySQL/
10702,1,4O00,技术,DBA,0702,SQLServer,https://www.lagou.com/zhaopin/SQLServer/
10703,1,4O00,技术,DBA,0703,Oracle,https://www.lagou.com/zhaopin/Oracle/
10704,1,4O00,技术,DBA,0704,DB2,https://www.lagou.com/zhaopin/DB2/
10705,1,4O00,技术,DBA,0705,MongoDB,https://www.lagou.com/zhaopin/MongoDB/
10706,1,4O00,技术,DBA,0706,ETL,https://www.lagou.com/zhaopin/etl/
10707,1,4O00,技术,DBA,0707,Hive,https://www.lagou.com/zhaopin/hive/
10708,1,4O00,技术,DBA,0708,数据仓库,https://www.lagou.com/zhaopin/shujucangku/
10709,1,4O00,技术,DBA,0709,DBA其它,https://www.lagou.com/zhaopin/dbaqita/
10801,1,4O00,技术,高端职位,0801,技术经理,https://www.lagou.com/zhaopin/jishujingli/
10802,1,4O00,技术,高端职位,0802,技术总监,https://www.lagou.com/zhaopin/jishuzongjian/
10803,1,4O00,技术,高端职位,0803,架构师,https://www.lagou.com/zhaopin/jiagoushi/
10804,1,4O00,技术,高端职位,0804,CTO,https://www.lagou.com/zhaopin/CTO/
10805,1,4O00,技术,高端职位,0805,运维总监,https://www.lagou.com/zhaopin/yunweizongjian/
10806,1,4O00,技术,高端职位,0806,技术合伙人,https://www.lagou.com/zhaopin/jishuhehuoren/
10807,1,4O00,技术,高端职位,0807,项目总监,https://www.lagou.com/zhaopin/xiangmuzongjian/
10808,1,4O00,技术,高端职位,0808,测试总监,https://www.lagou.com/zhaopin/ceshizongjian/
10809,1,4O00,技术,高端职位,0809,安全专家,https://www.lagou.com/zhaopin/anquanzhuanjia/
10810,1,4O00,技术,高端职位,0810,高端技术职位其它,https://www.lagou.com/zhaopin/gaoduanjishuzhiweiqita/
10901,1,4O00,技术,项目管理,0901,项目经理,https://www.lagou.com/zhaopin/xiangmujingli/
10902,1,4O00,技术,项目管理,0902,项目助理,https://www.lagou.com/zhaopin/xiangmuzhuli/
11001,1,4O00,技术,硬件开发,1001,硬件,https://www.lagou.com/zhaopin/yingjian/
11002,1,4O00,技术,硬件开发,1002,嵌入式,https://www.lagou.com/zhaopin/qianrushi/
11003,1,4O00,技术,硬件开发,1003,自动化,https://www.lagou.com/zhaopin/zidonghua/
11004,1,4O00,技术,硬件开发,1004,单片机,https://www.lagou.com/zhaopin/danpianji/
11005,1,4O00,技术,硬件开发,1005,电路设计,https://www.lagou.com/zhaopin/dianlusheji/
11006,1,4O00,技术,硬件开发,1006,驱动开发,https://www.lagou.com/zhaopin/qudongkaifa/
11007,1,4O00,技术,硬件开发,1007,系统集成,https://www.lagou.com/zhaopin/xitongjicheng/
11008,1,4O00,技术,硬件开发,1008,FPGA开发,https://www.lagou.com/zhaopin/fpgakaifa/
11009,1,4O00,技术,硬件开发,1009,DSP开发,https://www.lagou.com/zhaopin/dspkaifa/
11010,1,4O00,技术,硬件开发,1010,ARM开发,https://www.lagou.com/zhaopin/armkaifa/
11011,1,4O00,技术,硬件开发,1011,PCB工艺,https://www.lagou.com/zhaopin/pcbgongyi/
11012,1,4O00,技术,硬件开发,1012,模具设计,https://www.lagou.com/zhaopin/mujusheji/
11013,1,4O00,技术,硬件开发,1013,热传导,https://www.lagou.com/zhaopin/rechuandao/
11014,1,4O00,技术,硬件开发,1014,材料工程师,https://www.lagou.com/zhaopin/cailiaogongchengshi/
11015,1,4O00,技术,硬件开发,1015,精益工程师,https://www.lagou.com/zhaopin/jingyigongchengshi/
11016,1,4O00,技术,硬件开发,1016,射频工程师,https://www.lagou.com/zhaopin/shepingongchengshi/
11017,1,4O00,技术,硬件开发,1017,硬件开发其它,https://www.lagou.com/zhaopin/yingjiankaifaqita/
11101,1,4O00,技术,企业软件,1101,实施工程师,https://www.lagou.com/zhaopin/shishigongchengshi/
11102,1,4O00,技术,企业软件,1102,售前工程师,https://www.lagou.com/zhaopin/shouqiangongchengshi/
11103,1,4O00,技术,企业软件,1103,售后工程师,https://www.lagou.com/zhaopin/shouhougongchengshi/
11104,1,4O00,技术,企业软件,1104,BI工程师,https://www.lagou.com/zhaopin/bigongchengshi/
11105,1,4O00,技术,企业软件,1105,企业软件其它,https://www.lagou.com/zhaopin/qiyeruanjianqita/
20101,2,4P00,产品,产品经理,0101,产品经理,https://www.lagou.com/zhaopin/chanpinjingli1/
20102,2,4P00,产品,产品经理,0102,网页产品经理,https://www.lagou.com/zhaopin/wangyechanpinjingli/
20103,2,4P00,产品,产品经理,0103,移动产品经理,https://www.lagou.com/zhaopin/yidongchanpinjingli/
20104,2,4P00,产品,产品经理,0104,产品助理,https://www.lagou.com/zhaopin/chanpinzhuli/
20105,2,4P00,产品,产品经理,0105,数据产品经理,https://www.lagou.com/zhaopin/shujuchanpinjingli/
20106,2,4P00,产品,产品经理,0106,电商产品经理,https://www.lagou.com/zhaopin/dianshangchanpinjingli/
20107,2,4P00,产品,产品经理,0107,游戏策划,https://www.lagou.com/zhaopin/youxicehua/
20108,2,4P00,产品,产品经理,0108,产品实习生,https://www.lagou.com/zhaopin/chanpinshixisheng/
20201,2,4P00,产品,产品设计师,0201,网页产品设计师,https://www.lagou.com/zhaopin/wangyechanpinshejishi/
20202,2,4P00,产品,产品设计师,0202,无线产品设计师,https://www.lagou.com/zhaopin/wuxianchanpinshejishi/
20301,2,4P00,产品,高端职位,0301,产品部经理,https://www.lagou.com/zhaopin/chanpinbujingli/
20302,2,4P00,产品,高端职位,0302,产品总监,https://www.lagou.com/zhaopin/chanpinzongjian/
20303,2,4P00,产品,高端职位,0303,游戏制作人,https://www.lagou.com/zhaopin/youxizhizuoren/
30101,3,4Q00,设计,视觉设计,0101,视觉设计师,https://www.lagou.com/zhaopin/shijueshejishi/
30102,3,4Q00,设计,视觉设计,0102,网页设计师,https://www.lagou.com/zhaopin/wangyeshejishi/
30103,3,4Q00,设计,视觉设计,0103,Flash设计师,https://www.lagou.com/zhaopin/Flashshejishi/
30104,3,4Q00,设计,视觉设计,0104,APP设计师,https://www.lagou.com/zhaopin/APPshejishi/
30105,3,4Q00,设计,视觉设计,0105,UI设计师,https://www.lagou.com/zhaopin/UIshejishi/
30106,3,4Q00,设计,视觉设计,0106,平面设计师,https://www.lagou.com/zhaopin/pingmianshejishi/
30107,3,4Q00,设计,视觉设计,0107,美术设计师（2D/3D）,https://www.lagou.com/zhaopin/meishushejishi%EF%BC%882D3D%EF%BC%89/
30108,3,4Q00,设计,视觉设计,0108,广告设计师,https://www.lagou.com/zhaopin/guanggaoshejishi/
30109,3,4Q00,设计,视觉设计,0109,多媒体设计师,https://www.lagou.com/zhaopin/duomeitishejishi/
30110,3,4Q00,设计,视觉设计,0110,原画师,https://www.lagou.com/zhaopin/yuanhuashi/
30111,3,4Q00,设计,视觉设计,0111,游戏特效,https://www.lagou.com/zhaopin/youxitexiao/
30112,3,4Q00,设计,视觉设计,0112,游戏界面设计师,https://www.lagou.com/zhaopin/youxijiemianshejishi/
30113,3,4Q00,设计,视觉设计,0113,游戏场景,https://www.lagou.com/zhaopin/youxichangjing/
30114,3,4Q00,设计,视觉设计,0114,游戏角色,https://www.lagou.com/zhaopin/youxijiaose/
30115,3,4Q00,设计,视觉设计,0115,游戏动作,https://www.lagou.com/zhaopin/youxidongzuo/
30201,3,4Q00,设计,交互设计,0201,交互设计师,https://www.lagou.com/zhaopin/jiaohushejishi1/
30202,3,4Q00,设计,交互设计,0202,无线交互设计师,https://www.lagou.com/zhaopin/wuxianjiaohushejishi/
30203,3,4Q00,设计,交互设计,0203,网页交互设计师,https://www.lagou.com/zhaopin/wangyejiaohushejishi/
30204,3,4Q00,设计,交互设计,0204,硬件交互设计师,https://www.lagou.com/zhaopin/yingjianjiaohushejishi/
30301,3,4Q00,设计,用户研究,0301,数据分析师,https://www.lagou.com/zhaopin/shujufenxishi/
30302,3,4Q00,设计,用户研究,0302,用户研究员,https://www.lagou.com/zhaopin/yonghuyanjiuyuan/
30303,3,4Q00,设计,用户研究,0303,游戏数值策划,https://www.lagou.com/zhaopin/youxishuzhicehua/
30401,3,4Q00,设计,高端职位,0401,设计经理/主管,https://www.lagou.com/zhaopin/shejijinglizhuguan/
30402,3,4Q00,设计,高端职位,0402,设计总监,https://www.lagou.com/zhaopin/shejizongjian/
30403,3,4Q00,设计,高端职位,0403,视觉设计经理/主管,https://www.lagou.com/zhaopin/shijueshejijinglizhuguan/
30404,3,4Q00,设计,高端职位,0404,视觉设计总监,https://www.lagou.com/zhaopin/shijueshejizongjian/
30405,3,4Q00,设计,高端职位,0405,交互设计经理/主管,https://www.lagou.com/zhaopin/jiaohushejijinglizhuguan/
30406,3,4Q00,设计,高端职位,0406,交互设计总监,https://www.lagou.com/zhaopin/jiaohushejizongjian/
30407,3,4Q00,设计,高端职位,0407,用户研究经理/主管,https://www.lagou.com/zhaopin/yonghuyanjiujinglizhuguan/
30408,3,4Q00,设计,高端职位,0408,用户研究总监,https://www.lagou.com/zhaopin/yonghuyanjiuzongjian/
40101,4,4R00,运营,运营,0101,用户运营,https://www.lagou.com/zhaopin/yonghuyunying/
40102,4,4R00,运营,运营,0102,产品运营,https://www.lagou.com/zhaopin/chanpinyunying/
40103,4,4R00,运营,运营,0103,数据运营,https://www.lagou.com/zhaopin/shujuyunying/
40104,4,4R00,运营,运营,0104,内容运营,https://www.lagou.com/zhaopin/neirongyunying/
40105,4,4R00,运营,运营,0105,活动运营,https://www.lagou.com/zhaopin/huodongyunying/
40106,4,4R00,运营,运营,0106,商家运营,https://www.lagou.com/zhaopin/shangjiayunying/
40107,4,4R00,运营,运营,0107,品类运营,https://www.lagou.com/zhaopin/pinleiyunying/
40108,4,4R00,运营,运营,0108,游戏运营,https://www.lagou.com/zhaopin/youxiyunying/
40109,4,4R00,运营,运营,0109,网络推广,https://www.lagou.com/zhaopin/wangluotuiguang/
40110,4,4R00,运营,运营,0110,运营专员,https://www.lagou.com/zhaopin/yunyingzhuanyuan/
40111,4,4R00,运营,运营,0111,网店运营,https://www.lagou.com/zhaopin/wangdianyunying/
40112,4,4R00,运营,运营,0112,新媒体运营,https://www.lagou.com/zhaopin/xinmeitiyunying/
40113,4,4R00,运营,运营,0113,海外运营,https://www.lagou.com/zhaopin/haiwaiyunying/
40114,4,4R00,运营,运营,0114,运营经理,https://www.lagou.com/zhaopin/yunyingjingli/
40201,4,4R00,运营,编辑,0201,副主编,https://www.lagou.com/zhaopin/fuzhubian/
40202,4,4R00,运营,编辑,0202,内容编辑,https://www.lagou.com/zhaopin/neirongbianji/
40203,4,4R00,运营,编辑,0203,文案策划,https://www.lagou.com/zhaopin/wenancehua/
40204,4,4R00,运营,编辑,0204,记者,https://www.lagou.com/zhaopin/jizhe/
40301,4,4R00,运营,客服,0301,售前咨询,https://www.lagou.com/zhaopin/shouqianzixun/
40302,4,4R00,运营,客服,0302,售后客服,https://www.lagou.com/zhaopin/shouhoukefu/
40303,4,4R00,运营,客服,0303,淘宝客服,https://www.lagou.com/zhaopin/taobaokefu/
40304,4,4R00,运营,客服,0304,客服经理,https://www.lagou.com/zhaopin/kefujingli/
40401,4,4R00,运营,高端职位,0401,主编,https://www.lagou.com/zhaopin/zhubian/
40402,4,4R00,运营,高端职位,0402,运营总监,https://www.lagou.com/zhaopin/yunyingzongjian/
40403,4,4R00,运营,高端职位,0403,COO,https://www.lagou.com/zhaopin/COO/
40404,4,4R00,运营,高端职位,0404,客服总监,https://www.lagou.com/zhaopin/kefuzongjian/
50101,5,1k5g,市场,市场/营销,0101,市场营销,https://www.lagou.com/zhaopin/shichangshichangyingxiao1/
50102,5,1k5g,市场,市场/营销,0102,市场策划,https://www.lagou.com/zhaopin/shichangcehua1/
50103,5,1k5g,市场,市场/营销,0103,市场顾问,https://www.lagou.com/zhaopin/shichangguwen1/
50104,5,1k5g,市场,市场/营销,0104,商务渠道,https://www.lagou.com/zhaopin/shangwuqudao2/
50105,5,1k5g,市场,市场/营销,0105,商业数据分析,https://www.lagou.com/zhaopin/shangyeshjufenxi/
50106,5,1k5g,市场,市场/营销,0106,活动策划,https://www.lagou.com/zhaopin/huodongcehua1/
50107,5,1k5g,市场,市场/营销,0107,网络营销,https://www.lagou.com/zhaopin/wangluoyingxiao1/
50108,5,1k5g,市场,市场/营销,0108,海外市场,https://www.lagou.com/zhaopin/haiwaishichang1/
50109,5,1k5g,市场,市场/营销,0109,商务专员,https://www.lagou.com/zhaopin/shangwuzhuanyuan/
50201,5,1k5g,市场,媒介/公关,0201,政府关系,https://www.lagou.com/zhaopin/zhengfuguanxi1/
50202,5,1k5g,市场,媒介/公关,0202,品牌公关,https://www.lagou.com/zhaopin/pinpaigongguan1/
50203,5,1k5g,市场,媒介/公关,0203,广告协调,https://www.lagou.com/zhaopin/guanggaoxietiao/
50204,5,1k5g,市场,媒介/公关,0204,媒介投放,https://www.lagou.com/zhaopin/meijietoufang/
50205,5,1k5g,市场,媒介/公关,0205,媒介合作,https://www.lagou.com/zhaopin/meijiehezuo/
50206,5,1k5g,市场,媒介/公关,0206,媒介顾问,https://www.lagou.com/zhaopin/meijieguwen/
50301,5,1k5g,市场,品牌/广告,0301,广告创意,https://www.lagou.com/zhaopin/guanggaochuangyi/
50302,5,1k5g,市场,品牌/广告,0302,广告制作,https://www.lagou.com/zhaopin/guanggaozhizuo/
50303,5,1k5g,市场,品牌/广告,0303,广告文案,https://www.lagou.com/zhaopin/guanggaowenan/
50304,5,1k5g,市场,品牌/广告,0304,广告投放,https://www.lagou.com/zhaopin/guanggaotoufang/
50305,5,1k5g,市场,品牌/广告,0305,广告定价,https://www.lagou.com/zhaopin/guanggaodingwei/
50306,5,1k5g,市场,品牌/广告,0306,广告专员,https://www.lagou.com/zhaopin/guanggaozhuanyuan/
50307,5,1k5g,市场,品牌/广告,0307,品牌合作,https://www.lagou.com/zhaopin/pinpaihezuo/
50308,5,1k5g,市场,品牌/广告,0308,品牌策划,https://www.lagou.com/zhaopin/pinpaicehua/
50309,5,1k5g,市场,品牌/广告,0309,品牌专员,https://www.lagou.com/zhaopin/pinpaizhuanyuan/
50310,5,1k5g,市场,品牌/广告,0310,美术指导,https://www.lagou.com/zhaopin/meishuzhidao/
50401,5,1k5g,市场,渠道/推广,0401,市场推广,https://www.lagou.com/zhaopin/shichangtuiguang1/
50402,5,1k5g,市场,渠道/推广,0402,渠道推广,https://www.lagou.com/zhaopin/qudaotuiguang1/
50403,5,1k5g,市场,渠道/推广,0403,SEO,https://www.lagou.com/zhaopin/SEO1/
50404,5,1k5g,市场,渠道/推广,0404,SEM,https://www.lagou.com/zhaopin/SEM1/
50501,5,1k5g,市场,高端职位,0501,策划经理,https://www.lagou.com/zhaopin/cehuajingli/
50502,5,1k5g,市场,高端职位,0502,媒介经理,https://www.lagou.com/zhaopin/meijiejingli1/
50503,5,1k5g,市场,高端职位,0503,市场总监,https://www.lagou.com/zhaopin/shichangzongjian1/
50504,5,1k5g,市场,高端职位,0504,公关总监,https://www.lagou.com/zhaopin/gongguanzoongjian/
50505,5,1k5g,市场,高端职位,0505,媒介总监,https://www.lagou.com/zhaopin/meijiezongjian/
50506,5,1k5g,市场,高端职位,0506,创意总监,https://www.lagou.com/zhaopin/chuangyizongjian/
60101,6,1k5h,销售,销售,0101,销售专员,https://www.lagou.com/zhaopin/xiaoshouzhuanyuan1/
60102,6,1k5h,销售,销售,0102,销售顾问,https://www.lagou.com/zhaopin/xiaoshouguwen1/
60103,6,1k5h,销售,销售,0103,销售经理,https://www.lagou.com/zhaopin/xiaoshoujingli1/
60104,6,1k5h,销售,销售,0104,客户代表,https://www.lagou.com/zhaopin/xiaoshoukehudaibiao/
60105,6,1k5h,销售,销售,0105,大客户代表,https://www.lagou.com/zhaopin/xiaoshoudakehudaibiao/
60106,6,1k5h,销售,销售,0106,客户经理,https://www.lagou.com/zhaopin/kehujingli/
60107,6,1k5h,销售,销售,0107,商务拓展,https://www.lagou.com/zhaopin/shangwutuozhan/
60108,6,1k5h,销售,销售,0108,渠道销售 ,https://www.lagou.com/zhaopin/xiaoshouqudaoxiaoshou/
60109,6,1k5h,销售,销售,0109,代理商销售,https://www.lagou.com/zhaopin/xiaoshoudailishangxiaoshou/
60110,6,1k5h,销售,销售,0110,电话销售,https://www.lagou.com/zhaopin/xiaoshoudianhuaxiaoshou/
60111,6,1k5h,销售,销售,0111,广告销售,https://www.lagou.com/zhaopin/guanggaoxiaoshou/
60112,6,1k5h,销售,销售,0112,信用卡销售,https://www.lagou.com/zhaopin/xinyongkaxiaoshou/
60113,6,1k5h,销售,销售,0113,保险销售,https://www.lagou.com/zhaopin/baoxianxiaoshou/
60114,6,1k5h,销售,销售,0114,销售工程师,https://www.lagou.com/zhaopin/xiaoshougongchengshi/
60115,6,1k5h,销售,销售,0115,商务渠道,https://www.lagou.com/zhaopin/xiaoshoushangwuqudao/
60116,6,1k5h,销售,销售,0116,其他销售,https://www.lagou.com/zhaopin/qitaxiaoshou/
60201,6,1k5h,销售,销售管理,0201,销售总监,https://www.lagou.com/zhaopin/xiaoshouzongjian1/
60202,6,1k5h,销售,销售管理,0202,商务总监,https://www.lagou.com/zhaopin/xiaoshoushangwuzongjian/
60203,6,1k5h,销售,销售管理,0203,区域总监,https://www.lagou.com/zhaopin/quyuzongjian/
60204,6,1k5h,销售,销售管理,0204,城市经理,https://www.lagou.com/zhaopin/chengshijingli/
60205,6,1k5h,销售,销售管理,0205,团队经理,https://www.lagou.com/zhaopin/tuanduijingli/
60206,6,1k5h,销售,销售管理,0206,销售VP,https://www.lagou.com/zhaopin/xiaoshouvp/
60207,6,1k5h,销售,销售管理,0207,商务主管,https://www.lagou.com/zhaopin/shangwuzhuguan/
60208,6,1k5h,销售,销售管理,0208,其他销售管理职位,https://www.lagou.com/zhaopin/qitaxiaoshouguanligangwei/
70101,7,4T00,职能,人力资源,0101,人力资源,https://www.lagou.com/zhaopin/renliziyuan1/
70102,7,4T00,职能,人力资源,0102,招聘,https://www.lagou.com/zhaopin/zhaopin/
70103,7,4T00,职能,人力资源,0103,HRBP,https://www.lagou.com/zhaopin/HRBP/
70104,7,4T00,职能,人力资源,0104,人事/HR,https://www.lagou.com/zhaopin/renshiHR/
70105,7,4T00,职能,人力资源,0105,培训经理,https://www.lagou.com/zhaopin/peixunjingli/
70106,7,4T00,职能,人力资源,0106,薪资福利经理,https://www.lagou.com/zhaopin/xinzifulijingli/
70107,7,4T00,职能,人力资源,0107,绩效考核经理,https://www.lagou.com/zhaopin/jixiaokaohejingli/
70108,7,4T00,职能,人力资源,0108,员工关系,https://www.lagou.com/zhaopin/yuangongguanxi/
70201,7,4T00,职能,行政,0201,助理,https://www.lagou.com/zhaopin/zhuli/
70202,7,4T00,职能,行政,0202,前台,https://www.lagou.com/zhaopin/qiantai/
70203,7,4T00,职能,行政,0203,行政,https://www.lagou.com/zhaopin/xingzheng1/
70204,7,4T00,职能,行政,0204,总助,https://www.lagou.com/zhaopin/zongzhu/
70205,7,4T00,职能,行政,0205,文秘,https://www.lagou.com/zhaopin/wenmi/
70301,7,4T00,职能,财务,0301,会计,https://www.lagou.com/zhaopin/kuaiji/
70302,7,4T00,职能,财务,0302,出纳,https://www.lagou.com/zhaopin/chuna/
70303,7,4T00,职能,财务,0303,财务,https://www.lagou.com/zhaopin/caiwu1/
70304,7,4T00,职能,财务,0304,结算,https://www.lagou.com/zhaopin/jiesuan/
70305,7,4T00,职能,财务,0305,税务,https://www.lagou.com/zhaopin/shuiwu/
70306,7,4T00,职能,财务,0306,审计,https://www.lagou.com/zhaopin/shenji/
70307,7,4T00,职能,财务,0307,风控,https://www.lagou.com/zhaopin/fengkong/
70401,7,4T00,职能,法务,0401,法务,https://www.lagou.com/zhaopin/fawu2/
70402,7,4T00,职能,法务,0402,律师,https://www.lagou.com/zhaopin/lvshi/
70403,7,4T00,职能,法务,0403,专利,https://www.lagou.com/zhaopin/zhuanli/
70501,7,4T00,职能,高端职位,0501,行政总监/经理,https://www.lagou.com/zhaopin/xingzhengzongjianjingli/
70502,7,4T00,职能,高端职位,0502,财务总监/经理,https://www.lagou.com/zhaopin/caiwuzongjianjingli/
70503,7,4T00,职能,高端职位,0503,HRD/HRM,https://www.lagou.com/zhaopin/HRDHRM/
70504,7,4T00,职能,高端职位,0504,CFO,https://www.lagou.com/zhaopin/CFO/
70505,7,4T00,职能,高端职位,0505,CEO,https://www.lagou.com/zhaopin/ceo/
80101,8,1k5i,游戏,技术开发,0101,H5游戏开发,https://www.lagou.com/zhaopin/H5youxikaifa/
80102,8,1k5i,游戏,技术开发,0102,小游戏开发,https://www.lagou.com/zhaopin/xiaoyouxikaifa/
80103,8,1k5i,游戏,技术开发,0103,游戏后端开发,https://www.lagou.com/zhaopin/youxihouduankaifa/
80104,8,1k5i,游戏,技术开发,0104,C++游戏开发,https://www.lagou.com/zhaopin/C%2B%2Byouxikaifa/
80105,8,1k5i,游戏,技术开发,0105,FLASH,https://www.lagou.com/zhaopin/youxiflash/
80106,8,1k5i,游戏,技术开发,0106,COCOS2D-X,https://www.lagou.com/zhaopin/COCOS2D-X1/
80107,8,1k5i,游戏,技术开发,0107,U3D,https://www.lagou.com/zhaopin/youxiU3D/
80108,8,1k5i,游戏,技术开发,0108,游戏测试,https://www.lagou.com/zhaopin/youxiyouxiceshi/
80201,8,1k5i,游戏,产品策划,0201,游戏制作人,https://www.lagou.com/zhaopin/youxizhipianren/
80202,8,1k5i,游戏,产品策划,0202,游戏产品经理,https://www.lagou.com/zhaopin/youxichanpinjingli/
80203,8,1k5i,游戏,产品策划,0203,游戏项目经理,https://www.lagou.com/zhaopin/youxixiangmujingli/
80204,8,1k5i,游戏,产品策划,0204,游戏策划,https://www.lagou.com/zhaopin/youxiyouxicehua/
80205,8,1k5i,游戏,产品策划,0205,剧情设计,https://www.lagou.com/zhaopin/juqingsheji/
80206,8,1k5i,游戏,产品策划,0206,游戏文案,https://www.lagou.com/zhaopin/youxiwenan/
80301,8,1k5i,游戏,设计,0301,游戏动画,https://www.lagou.com/zhaopin/youxidonghua/
80302,8,1k5i,游戏,设计,0302,游戏原画,https://www.lagou.com/zhaopin/youxiyuanhua/
80303,8,1k5i,游戏,设计,0303,游戏界面,https://www.lagou.com/zhaopin/youxijiemian/
80304,8,1k5i,游戏,设计,0304,游戏场景,https://www.lagou.com/zhaopin/youxichangjing1/
80305,8,1k5i,游戏,设计,0305,游戏角色,https://www.lagou.com/zhaopin/youxijuese/
80306,8,1k5i,游戏,设计,0306,游戏动作,https://www.lagou.com/zhaopin/youxidongzuo1/
80307,8,1k5i,游戏,设计,0307,游戏动效,https://www.lagou.com/zhaopin/youxidongxiao/
80308,8,1k5i,游戏,设计,0308,游戏美工,https://www.lagou.com/zhaopin/youximeigong/
80401,8,1k5i,游戏,运营/推广,0401,游戏运营,https://www.lagou.com/zhaopin/youxiyunying1/
80402,8,1k5i,游戏,运营/推广,0402,游戏编辑,https://www.lagou.com/zhaopin/youxibianji/
80403,8,1k5i,游戏,运营/推广,0403,游戏推广,https://www.lagou.com/zhaopin/youxituiguang/
80404,8,1k5i,游戏,运营/推广,0404,手游推广,https://www.lagou.com/zhaopin/shouyoutuiguang/
80405,8,1k5i,游戏,运营/推广,0405,页游推广,https://www.lagou.com/zhaopin/yeyoutuiguang/
80501,8,1k5i,游戏,其他,0501,游戏主播,https://www.lagou.com/zhaopin/youxizhuobo/
80502,8,1k5i,游戏,其他,0502,游戏陪练,https://www.lagou.com/zhaopin/youxipeilian/
80503,8,1k5i,游戏,其他,0503,游戏体验,https://www.lagou.com/zhaopin/youxitiyan/
80504,8,1k5i,游戏,其他,0504,电竞主持,https://www.lagou.com/zhaopin/dianjingzhuchi/
80505,8,1k5i,游戏,其他,0505,电竞讲师,https://www.lagou.com/zhaopin/dianjingjiangshi/
